FirstKO	WTMu	FirstMu	FirstSubpoolID	FirstSubpoolNum	EsKcatNum	DKO	DKOMu	DKOSubpoolID	DKOSubpoolNum
usage_prot_P00904_3	0.11	0.11	subpool_P00904	0.0302769692060565	0.0154453064190326	usage_prot_P00904_3	0.11	subpool_P00904	0.0302769692060565
usage_prot_P00904_3	0.11	0.11	subpool_P00904	0.0302769692060565	0.0154453064190326	usage_prot_P00935_3	0.11	subpool_P00935	0.0302769692060565
usage_prot_P00904_3	0.11	0.11	subpool_P00904	0.0302769692060565	0.0154453064190326	usage_prot_P04036_3	0.11	subpool_P04036	0.0302769692060565
usage_prot_P00904_3	0.11	0.11	subpool_P00904	0.0302769692060565	0.0154453064190326	usage_prot_P04079_3	0.11	subpool_P04079	0.0302769692060565
usage_prot_P00904_3	0.11	0.11	subpool_P00904	0.0302769692060565	0.0154453064190326	usage_prot_P06959_3	0.109451233376066	subpool_P06959	0.0301259238407806
usage_prot_P00904_3	0.11	0.11	subpool_P00904	0.0302769692060565	0.0154453064190326	usage_prot_P08179_3	0.11	subpool_P08179	0.0302769692060565
usage_prot_P00904_3	0.11	0.11	subpool_P00904	0.0302769692060565	0.0154453064190326	usage_prot_P09832_3	0.11	subpool_P09832	0.0302769692060565
usage_prot_P00904_3	0.11	0.11	subpool_P00904	0.0302769692060565	0.0154453064190326	usage_prot_P0A7I7_3	0.11	subpool_P0A7I7	0.0302769692060565
usage_prot_P00904_3	0.11	0.11	subpool_P00904	0.0302769692060565	0.0154453064190326	usage_prot_P0A825_3	0.11	subpool_P0A825	0.0302769692060565
usage_prot_P00904_3	0.11	0.11	subpool_P00904	0.0302769692060565	0.0154453064190326	usage_prot_P0A836_3	0.106133071050999	subpool_P0A836	0.0292126156722663
usage_prot_P00904_3	0.11	0.11	subpool_P00904	0.0302769692060565	0.0154453064190326	usage_prot_P0AB98_3	0.11	subpool_P0AB98	0.0302769692060565
usage_prot_P00904_3	0.11	0.11	subpool_P00904	0.0302769692060565	0.0154453064190326	usage_prot_P0ABA0_3	0.11	subpool_P0ABA0	0.0302769692060565
usage_prot_P00904_3	0.11	0.11	subpool_P00904	0.0302769692060565	0.0154453064190326	usage_prot_P0ABA4_3	0.11	subpool_P0ABA4	0.0302769692060565
usage_prot_P00904_3	0.11	0.11	subpool_P00904	0.0302769692060565	0.0154453064190326	usage_prot_P0ABA6_3	0.11	subpool_P0ABA6	0.0302769692060565
usage_prot_P00904_3	0.11	0.11	subpool_P00904	0.0302769692060565	0.0154453064190326	usage_prot_P0ACD4_3	0.11	subpool_P0ACD4	0.0302769692060565
usage_prot_P00904_3	0.11	0.11	subpool_P00904	0.0302769692060565	0.0154453064190326	usage_prot_P0AGG0_3	0.11	subpool_P0AGG0	0.0302769692060565
usage_prot_P00904_3	0.11	0.11	subpool_P00904	0.0302769692060565	0.0154453064190326	usage_prot_P0AGK1_3	0.11	subpool_P0AGK1	0.0302769692060565
usage_prot_P00904_3	0.11	0.11	subpool_P00904	0.0302769692060565	0.0154453064190326	usage_prot_P22634_3	0.11	subpool_P22634	0.0302769692060565
usage_prot_P00904_3	0.11	0.11	subpool_P00904	0.0302769692060565	0.0154453064190326	usage_prot_P23845_3	0.11	subpool_P23845	0.0302769692060565
usage_prot_P00904_3	0.11	0.11	subpool_P00904	0.0302769692060565	0.0154453064190326	usage_prot_P27300_3	0.11	subpool_P27300	0.0302769692060565
usage_prot_P00904_3	0.11	0.11	subpool_P00904	0.0302769692060565	0.0154453064190326	usage_prot_P33221_3	0.11	subpool_P33221	0.0302769692060565
usage_prot_P00904_3	0.11	0.11	subpool_P00904	0.0302769692060565	0.0154453064190326	usage_prot_P45578_3	0.11	subpool_P45578	0.0302769692060565
usage_prot_P00904_3	0.11	0.11	subpool_P00904	0.0302769692060565	0.0154453064190326	usage_prot_P69503_3	0.11	subpool_P69503	0.0302769692060565
usage_prot_P00904_3	0.11	0.11	subpool_P00904	0.0302769692060565	0.0154453064190326	usage_prot_P75809_3	0.11	subpool_P75809	0.0302769692060565
usage_prot_P00935_3	0.11	0.11	subpool_P00935	0.0416490880039646	0.0416490880039657	usage_prot_P00904_3	0.11	subpool_P00904	0.0416490880039646
usage_prot_P00935_3	0.11	0.11	subpool_P00935	0.0416490880039646	0.0416490880039657	usage_prot_P00935_3	0.11	subpool_P00935	0.0416490880039646
usage_prot_P00935_3	0.11	0.11	subpool_P00935	0.0416490880039646	0.0416490880039657	usage_prot_P04036_3	0.11	subpool_P04036	0.0416490880039646
usage_prot_P00935_3	0.11	0.11	subpool_P00935	0.0416490880039646	0.0416490880039657	usage_prot_P04079_3	0.11	subpool_P04079	0.0416490880039646
usage_prot_P00935_3	0.11	0.11	subpool_P00935	0.0416490880039646	0.0416490880039657	usage_prot_P06959_3	0.109460744617906	subpool_P06959	0.0414449107779163
usage_prot_P00935_3	0.11	0.11	subpool_P00935	0.0416490880039646	0.0416490880039657	usage_prot_P08179_3	0.11	subpool_P08179	0.0416490880039646
usage_prot_P00935_3	0.11	0.11	subpool_P00935	0.0416490880039646	0.0416490880039657	usage_prot_P09832_3	0.11	subpool_P09832	0.0416490880039646
usage_prot_P00935_3	0.11	0.11	subpool_P00935	0.0416490880039646	0.0416490880039657	usage_prot_P0A7I7_3	0.11	subpool_P0A7I7	0.0416490880039646
usage_prot_P00935_3	0.11	0.11	subpool_P00935	0.0416490880039646	0.0416490880039657	usage_prot_P0A825_3	0.11	subpool_P0A825	0.0416490880039646
usage_prot_P00935_3	0.11	0.11	subpool_P00935	0.0416490880039646	0.0416490880039657	usage_prot_P0A836_3	0.106143411368072	subpool_P0A836	0.0401888752828177
usage_prot_P00935_3	0.11	0.11	subpool_P00935	0.0416490880039646	0.0416490880039657	usage_prot_P0AB98_3	0.11	subpool_P0AB98	0.0416490880039646
usage_prot_P00935_3	0.11	0.11	subpool_P00935	0.0416490880039646	0.0416490880039657	usage_prot_P0ABA0_3	0.11	subpool_P0ABA0	0.0416490880039646
usage_prot_P00935_3	0.11	0.11	subpool_P00935	0.0416490880039646	0.0416490880039657	usage_prot_P0ABA4_3	0.11	subpool_P0ABA4	0.0416490880039646
usage_prot_P00935_3	0.11	0.11	subpool_P00935	0.0416490880039646	0.0416490880039657	usage_prot_P0ABA6_3	0.11	subpool_P0ABA6	0.0416490880039646
usage_prot_P00935_3	0.11	0.11	subpool_P00935	0.0416490880039646	0.0416490880039657	usage_prot_P0ACD4_3	0.11	subpool_P0ACD4	0.0416490880039646
usage_prot_P00935_3	0.11	0.11	subpool_P00935	0.0416490880039646	0.0416490880039657	usage_prot_P0AGG0_3	0.11	subpool_P0AGG0	0.0416490880039646
usage_prot_P00935_3	0.11	0.11	subpool_P00935	0.0416490880039646	0.0416490880039657	usage_prot_P0AGK1_3	0.11	subpool_P0AGK1	0.0416490880039646
usage_prot_P00935_3	0.11	0.11	subpool_P00935	0.0416490880039646	0.0416490880039657	usage_prot_P22634_3	0.11	subpool_P22634	0.0416490880039646
usage_prot_P00935_3	0.11	0.11	subpool_P00935	0.0416490880039646	0.0416490880039657	usage_prot_P23845_3	0.11	subpool_P23845	0.0416490880039646
usage_prot_P00935_3	0.11	0.11	subpool_P00935	0.0416490880039646	0.0416490880039657	usage_prot_P27300_3	0.11	subpool_P27300	0.0416490880039646
usage_prot_P00935_3	0.11	0.11	subpool_P00935	0.0416490880039646	0.0416490880039657	usage_prot_P33221_3	0.11	subpool_P33221	0.0416490880039646
usage_prot_P00935_3	0.11	0.11	subpool_P00935	0.0416490880039646	0.0416490880039657	usage_prot_P45578_3	0.11	subpool_P45578	0.0416490880039646
usage_prot_P00935_3	0.11	0.11	subpool_P00935	0.0416490880039646	0.0416490880039657	usage_prot_P69503_3	0.11	subpool_P69503	0.0416490880039646
usage_prot_P00935_3	0.11	0.11	subpool_P00935	0.0416490880039646	0.0416490880039657	usage_prot_P75809_3	0.11	subpool_P75809	0.0303755665831886
usage_prot_P04036_3	0.11	0.11	subpool_P04036	0.00444373591835756	0.00444373591831496	usage_prot_P00904_3	0.11	subpool_P00904	0.00444373591835756
usage_prot_P04036_3	0.11	0.11	subpool_P04036	0.00444373591835756	0.00444373591831496	usage_prot_P00935_3	0.11	subpool_P00935	0.00444373591835756
usage_prot_P04036_3	0.11	0.11	subpool_P04036	0.00444373591835756	0.00444373591831496	usage_prot_P04036_3	0.11	subpool_P04036	0.00444373591835756
usage_prot_P04036_3	0.11	0.11	subpool_P04036	0.00444373591835756	0.00444373591831496	usage_prot_P04079_3	0.11	subpool_P04079	0.00444373591835756
usage_prot_P04036_3	0.11	0.11	subpool_P04036	0.00444373591835756	0.00444373591831496	usage_prot_P06959_3	0.10946074788266	subpool_P06959	0.00442195142737995
usage_prot_P04036_3	0.11	0.11	subpool_P04036	0.00444373591835756	0.00444373591831496	usage_prot_P08179_3	0.11	subpool_P08179	0.00444373591835756
usage_prot_P04036_3	0.11	0.11	subpool_P04036	0.00444373591835756	0.00444373591831496	usage_prot_P09832_3	0.11	subpool_P09832	0.00444373591835756
usage_prot_P04036_3	0.11	0.11	subpool_P04036	0.00444373591835756	0.00444373591831496	usage_prot_P0A7I7_3	0.11	subpool_P0A7I7	0.00444373591835756
usage_prot_P04036_3	0.11	0.11	subpool_P04036	0.00444373591835756	0.00444373591831496	usage_prot_P0A825_3	0.11	subpool_P0A825	0.00444373591835756
usage_prot_P04036_3	0.11	0.11	subpool_P04036	0.00444373591835756	0.00444373591831496	usage_prot_P0A836_3	0.106143383164233	subpool_P0A836	0.00428793785689426
usage_prot_P04036_3	0.11	0.11	subpool_P04036	0.00444373591835756	0.00444373591831496	usage_prot_P0AB98_3	0.11	subpool_P0AB98	0.00444373591835756
usage_prot_P04036_3	0.11	0.11	subpool_P04036	0.00444373591835756	0.00444373591831496	usage_prot_P0ABA0_3	0.11	subpool_P0ABA0	0.00444373591835756
usage_prot_P04036_3	0.11	0.11	subpool_P04036	0.00444373591835756	0.00444373591831496	usage_prot_P0ABA4_3	0.11	subpool_P0ABA4	0.00444373591835756
usage_prot_P04036_3	0.11	0.11	subpool_P04036	0.00444373591835756	0.00444373591831496	usage_prot_P0ABA6_3	0.11	subpool_P0ABA6	0.00444373591835756
usage_prot_P04036_3	0.11	0.11	subpool_P04036	0.00444373591835756	0.00444373591831496	usage_prot_P0ACD4_3	0.11	subpool_P0ACD4	0.00444373591835756
usage_prot_P04036_3	0.11	0.11	subpool_P04036	0.00444373591835756	0.00444373591831496	usage_prot_P0AGG0_3	0.11	subpool_P0AGG0	0.00444373591835756
usage_prot_P04036_3	0.11	0.11	subpool_P04036	0.00444373591835756	0.00444373591831496	usage_prot_P0AGK1_3	0.11	subpool_P0AGK1	0.00444373591835756
usage_prot_P04036_3	0.11	0.11	subpool_P04036	0.00444373591835756	0.00444373591831496	usage_prot_P22634_3	0.11	subpool_P22634	0.00444373591835756
usage_prot_P04036_3	0.11	0.11	subpool_P04036	0.00444373591835756	0.00444373591831496	usage_prot_P23845_3	0.11	subpool_P23845	0.00444373591835756
usage_prot_P04036_3	0.11	0.11	subpool_P04036	0.00444373591835756	0.00444373591831496	usage_prot_P27300_3	0.11	subpool_P27300	0.00444373591835756
usage_prot_P04036_3	0.11	0.11	subpool_P04036	0.00444373591835756	0.00444373591831496	usage_prot_P33221_3	0.11	subpool_P33221	0.00444373591835756
usage_prot_P04036_3	0.11	0.11	subpool_P04036	0.00444373591835756	0.00444373591831496	usage_prot_P45578_3	0.11	subpool_P45578	0.00444373591835756
usage_prot_P04036_3	0.11	0.11	subpool_P04036	0.00444373591835756	0.00444373591831496	usage_prot_P69503_3	0.11	subpool_P69503	0.00444373591835756
usage_prot_P04036_3	0.11	0.11	subpool_P04036	0.00444373591835756	0.00444373591831496	usage_prot_P75809_3	0.11	subpool_P75809	0.00444373591835756
usage_prot_P04079_3	0.11	0.11	subpool_P04079	0.0947691688680834	0.14355438174	usage_prot_P00904_3	0.11	subpool_P00904	0.0947691688679697
usage_prot_P04079_3	0.11	0.11	subpool_P04079	0.0947691688680834	0.14355438174	usage_prot_P00935_3	0.11	subpool_P00935	0.0947691688679697
usage_prot_P04079_3	0.11	0.11	subpool_P04079	0.0947691688680834	0.14355438174	usage_prot_P04036_3	0.11	subpool_P04036	0.0947691688679697
usage_prot_P04079_3	0.11	0.11	subpool_P04079	0.0947691688680834	0.14355438174	usage_prot_P04079_3	0.11	subpool_P04079	0.0947691688680834
usage_prot_P04079_3	0.11	0.11	subpool_P04079	0.0947691688680834	0.14355438174	usage_prot_P06959_3	0.109458602691941	subpool_P06959	0.0943027345687988
usage_prot_P04079_3	0.11	0.11	subpool_P04079	0.0947691688680834	0.14355438174	usage_prot_P08179_3	0.11	subpool_P08179	0.0947691688680834
usage_prot_P04079_3	0.11	0.11	subpool_P04079	0.0947691688680834	0.14355438174	usage_prot_P09832_3	0.11	subpool_P09832	0.0947691688680834
usage_prot_P04079_3	0.11	0.11	subpool_P04079	0.0947691688680834	0.14355438174	usage_prot_P0A825_3	0.11	subpool_P0A825	0.0947691688680834
usage_prot_P04079_3	0.11	0.11	subpool_P04079	0.0947691688680834	0.14355438174	usage_prot_P0A836_3	0.106141082468194	subpool_P0A836	0.0914445651660054
usage_prot_P04079_3	0.11	0.11	subpool_P04079	0.0947691688680834	0.14355438174	usage_prot_P0AB98_3	0.11	subpool_P0AB98	0.0947691688680834
usage_prot_P04079_3	0.11	0.11	subpool_P04079	0.0947691688680834	0.14355438174	usage_prot_P0ABA0_3	0.11	subpool_P0ABA0	0.0947691688680834
usage_prot_P04079_3	0.11	0.11	subpool_P04079	0.0947691688680834	0.14355438174	usage_prot_P0ABA4_3	0.11	subpool_P0ABA4	0.0947691688680834
usage_prot_P04079_3	0.11	0.11	subpool_P04079	0.0947691688680834	0.14355438174	usage_prot_P0ABA6_3	0.11	subpool_P0ABA6	0.0947691688680834
usage_prot_P04079_3	0.11	0.11	subpool_P04079	0.0947691688680834	0.14355438174	usage_prot_P0ACD4_3	0.11	subpool_P0ACD4	0.0947691688680834
usage_prot_P04079_3	0.11	0.11	subpool_P04079	0.0947691688680834	0.14355438174	usage_prot_P0AGG0_3	0.11	subpool_P0AGG0	0.0947691688679697
usage_prot_P04079_3	0.11	0.11	subpool_P04079	0.0947691688680834	0.14355438174	usage_prot_P0AGK1_3	0.11	subpool_P0AGK1	0.0947691688679697
usage_prot_P04079_3	0.11	0.11	subpool_P04079	0.0947691688680834	0.14355438174	usage_prot_P22634_3	0.11	subpool_P22634	0.0947691688680834
usage_prot_P04079_3	0.11	0.11	subpool_P04079	0.0947691688680834	0.14355438174	usage_prot_P23845_3	0.11	subpool_P23845	0.0947691688680834
usage_prot_P04079_3	0.11	0.11	subpool_P04079	0.0947691688680834	0.14355438174	usage_prot_P27300_3	0.11	subpool_P27300	0.0947691688680834
usage_prot_P04079_3	0.11	0.11	subpool_P04079	0.0947691688680834	0.14355438174	usage_prot_P33221_3	0.11	subpool_P33221	0.0947691688680834
usage_prot_P04079_3	0.11	0.11	subpool_P04079	0.0947691688680834	0.14355438174	usage_prot_P45578_3	0.11	subpool_P45578	0.0947691688679697
usage_prot_P04079_3	0.11	0.11	subpool_P04079	0.0947691688680834	0.14355438174	usage_prot_P69503_3	0.11	subpool_P69503	0.0947691688679697
usage_prot_P04079_3	0.11	0.11	subpool_P04079	0.0947691688680834	0.14355438174	usage_prot_P75809_3	0.11	subpool_P75809	0.0947691688679697
usage_prot_P06959_3	0.11	0.109460744527646	subpool_P06959	0	0.106741033144837	usage_prot_P00904_3	0.109451233376066	subpool_P00904	0
usage_prot_P06959_3	0.11	0.109460744527646	subpool_P06959	0	0.106741033144837	usage_prot_P00935_3	0.109460737866694	subpool_P00935	0
usage_prot_P06959_3	0.11	0.109460744527646	subpool_P06959	0	0.106741033144837	usage_prot_P04036_3	0.109460747735246	subpool_P04036	0
usage_prot_P06959_3	0.11	0.109460744527646	subpool_P06959	0	0.106741033144837	usage_prot_P04079_3	0.109458602691941	subpool_P04079	0
usage_prot_P06959_3	0.11	0.109460744527646	subpool_P06959	0	0.106741033144837	usage_prot_P06959_3	0.109460744527646	subpool_P06959	0
usage_prot_P06959_3	0.11	0.109460744527646	subpool_P06959	0	0.106741033144837	usage_prot_P08179_3	0.109133615135193	subpool_P08179	0
usage_prot_P06959_3	0.11	0.109460744527646	subpool_P06959	0	0.106741033144837	usage_prot_P09832_3	0.10945787255859	subpool_P09832	0
usage_prot_P06959_3	0.11	0.109460744527646	subpool_P06959	0	0.106741033144837	usage_prot_P0A7I7_3	0.109459444175354	subpool_P0A7I7	0
usage_prot_P06959_3	0.11	0.109460744527646	subpool_P06959	0	0.106741033144837	usage_prot_P0A825_3	0.109460737886957	subpool_P0A825	0
usage_prot_P06959_3	0.11	0.109460744527646	subpool_P06959	0	0.106741033144837	usage_prot_P0A836_3	0.102844941581324	subpool_P0A836	0
usage_prot_P06959_3	0.11	0.109460744527646	subpool_P06959	0	0.106741033144837	usage_prot_P0AB98_3	0.109460747746408	subpool_P0AB98	0
usage_prot_P06959_3	0.11	0.109460744527646	subpool_P06959	0	0.106741033144837	usage_prot_P0ABA0_3	0.109460747735245	subpool_P0ABA0	0
usage_prot_P06959_3	0.11	0.109460744527646	subpool_P06959	0	0.106741033144837	usage_prot_P0ABA4_3	0.109460747749924	subpool_P0ABA4	0
usage_prot_P06959_3	0.11	0.109460744527646	subpool_P06959	0	0.106741033144837	usage_prot_P0ABA6_3	0.109460747746408	subpool_P0ABA6	0
usage_prot_P06959_3	0.11	0.109460744527646	subpool_P06959	0	0.106741033144837	usage_prot_P0ACD4_3	0.109460747878679	subpool_P0ACD4	0
usage_prot_P06959_3	0.11	0.109460744527646	subpool_P06959	0	0.106741033144837	usage_prot_P0AGG0_3	0.109460610417028	subpool_P0AGG0	0
usage_prot_P06959_3	0.11	0.109460744527646	subpool_P06959	0	0.106741033144837	usage_prot_P0AGK1_3	0.109460738274431	subpool_P0AGK1	0
usage_prot_P06959_3	0.11	0.109460744527646	subpool_P06959	0	0.106741033144837	usage_prot_P22634_3	0.109460747735246	subpool_P22634	0
usage_prot_P06959_3	0.11	0.109460744527646	subpool_P06959	0	0.106741033144837	usage_prot_P23845_3	0.108268084371619	subpool_P23845	0
usage_prot_P06959_3	0.11	0.109460744527646	subpool_P06959	0	0.106741033144837	usage_prot_P27300_3	0.109460744538128	subpool_P27300	0
usage_prot_P06959_3	0.11	0.109460744527646	subpool_P06959	0	0.106741033144837	usage_prot_P33221_3	0.109447168934075	subpool_P33221	0
usage_prot_P06959_3	0.11	0.109460744527646	subpool_P06959	0	0.106741033144837	usage_prot_P45578_3	0.109459717812336	subpool_P45578	0
usage_prot_P06959_3	0.11	0.109460744527646	subpool_P06959	0	0.106741033144837	usage_prot_P69503_3	0.109460570940143	subpool_P69503	0
usage_prot_P06959_3	0.11	0.109460744527646	subpool_P06959	0	0.106741033144837	usage_prot_P75809_3	0.10946066209538	subpool_P75809	0
usage_prot_P08179_3	0.11	0.11	subpool_P08179	0	0.0565336867479998	usage_prot_P00904_3	0.11	subpool_P00904	0
usage_prot_P08179_3	0.11	0.11	subpool_P08179	0	0.0565336867479998	usage_prot_P00935_3	0.11	subpool_P00935	0
usage_prot_P08179_3	0.11	0.11	subpool_P08179	0	0.0565336867479998	usage_prot_P04036_3	0.11	subpool_P04036	0
usage_prot_P08179_3	0.11	0.11	subpool_P08179	0	0.0565336867479998	usage_prot_P04079_3	0.11	subpool_P04079	0
usage_prot_P08179_3	0.11	0.11	subpool_P08179	0	0.0565336867479998	usage_prot_P06959_3	0.109133615135193	subpool_P06959	0
usage_prot_P08179_3	0.11	0.11	subpool_P08179	0	0.0565336867479998	usage_prot_P08179_3	0.11	subpool_P08179	0
usage_prot_P08179_3	0.11	0.11	subpool_P08179	0	0.0565336867479998	usage_prot_P09832_3	0.11	subpool_P09832	0
usage_prot_P08179_3	0.11	0.11	subpool_P08179	0	0.0565336867479998	usage_prot_P0A7I7_3	0.11	subpool_P0A7I7	0
usage_prot_P08179_3	0.11	0.11	subpool_P08179	0	0.0565336867479998	usage_prot_P0A825_3	0.11	subpool_P0A825	0
usage_prot_P08179_3	0.11	0.11	subpool_P08179	0	0.0565336867479998	usage_prot_P0A836_3	0.105788319630715	subpool_P0A836	0
usage_prot_P08179_3	0.11	0.11	subpool_P08179	0	0.0565336867479998	usage_prot_P0AB98_3	0.11	subpool_P0AB98	0
usage_prot_P08179_3	0.11	0.11	subpool_P08179	0	0.0565336867479998	usage_prot_P0ABA0_3	0.11	subpool_P0ABA0	0
usage_prot_P08179_3	0.11	0.11	subpool_P08179	0	0.0565336867479998	usage_prot_P0ABA4_3	0.11	subpool_P0ABA4	0
usage_prot_P08179_3	0.11	0.11	subpool_P08179	0	0.0565336867479998	usage_prot_P0ABA6_3	0.11	subpool_P0ABA6	0
usage_prot_P08179_3	0.11	0.11	subpool_P08179	0	0.0565336867479998	usage_prot_P0ACD4_3	0.11	subpool_P0ACD4	0
usage_prot_P08179_3	0.11	0.11	subpool_P08179	0	0.0565336867479998	usage_prot_P0AGG0_3	0.11	subpool_P0AGG0	0
usage_prot_P08179_3	0.11	0.11	subpool_P08179	0	0.0565336867479998	usage_prot_P0AGK1_3	0.11	subpool_P0AGK1	0
usage_prot_P08179_3	0.11	0.11	subpool_P08179	0	0.0565336867479998	usage_prot_P22634_3	0.11	subpool_P22634	0
usage_prot_P08179_3	0.11	0.11	subpool_P08179	0	0.0565336867479998	usage_prot_P23845_3	0.11	subpool_P23845	0
usage_prot_P08179_3	0.11	0.11	subpool_P08179	0	0.0565336867479998	usage_prot_P27300_3	0.11	subpool_P27300	0
usage_prot_P08179_3	0.11	0.11	subpool_P08179	0	0.0565336867479998	usage_prot_P45578_3	0.11	subpool_P45578	0
usage_prot_P08179_3	0.11	0.11	subpool_P08179	0	0.0565336867479998	usage_prot_P69503_3	0.11	subpool_P69503	0
usage_prot_P08179_3	0.11	0.11	subpool_P08179	0	0.0565336867479998	usage_prot_P75809_3	0.11	subpool_P75809	0
usage_prot_P09832_3	0.11	0.11	subpool_P09832	0.0746405266869488	0.0646952325706208	usage_prot_P00904_3	0.11	subpool_P00904	0.0746405266869488
usage_prot_P09832_3	0.11	0.11	subpool_P09832	0.0746405266869488	0.0646952325706208	usage_prot_P00935_3	0.11	subpool_P00935	0.0746405266869488
usage_prot_P09832_3	0.11	0.11	subpool_P09832	0.0746405266869488	0.0646952325706208	usage_prot_P04036_3	0.11	subpool_P04036	0.0748517119288863
usage_prot_P09832_3	0.11	0.11	subpool_P09832	0.0746405266869488	0.0646952325706208	usage_prot_P04079_3	0.11	subpool_P04079	0.0746405266868351
usage_prot_P09832_3	0.11	0.11	subpool_P09832	0.0746405266869488	0.0646952325706208	usage_prot_P06959_3	0.10945787255859	subpool_P06959	0.0687857162656655
usage_prot_P09832_3	0.11	0.11	subpool_P09832	0.0746405266869488	0.0646952325706208	usage_prot_P08179_3	0.11	subpool_P08179	0.0746405266869488
usage_prot_P09832_3	0.11	0.11	subpool_P09832	0.0746405266869488	0.0646952325706208	usage_prot_P09832_3	0.11	subpool_P09832	0.0746405266869488
usage_prot_P09832_3	0.11	0.11	subpool_P09832	0.0746405266869488	0.0646952325706208	usage_prot_P0A7I7_3	0.11	subpool_P0A7I7	0.0746304155974258
usage_prot_P09832_3	0.11	0.11	subpool_P09832	0.0746405266869488	0.0646952325706208	usage_prot_P0A825_3	0.11	subpool_P0A825	0.0746406055551461
usage_prot_P09832_3	0.11	0.11	subpool_P09832	0.0746405266869488	0.0646952325706208	usage_prot_P0A836_3	0.106140289876525	subpool_P0A836	0.0667008748949911
usage_prot_P09832_3	0.11	0.11	subpool_P09832	0.0746405266869488	0.0646952325706208	usage_prot_P0AB98_3	0.11	subpool_P0AB98	0.0746405266869488
usage_prot_P09832_3	0.11	0.11	subpool_P09832	0.0746405266869488	0.0646952325706208	usage_prot_P0ABA0_3	0.11	subpool_P0ABA0	0.0746405266869488
usage_prot_P09832_3	0.11	0.11	subpool_P09832	0.0746405266869488	0.0646952325706208	usage_prot_P0ABA4_3	0.11	subpool_P0ABA4	0.074637998914568
usage_prot_P09832_3	0.11	0.11	subpool_P09832	0.0746405266869488	0.0646952325706208	usage_prot_P0ABA6_3	0.11	subpool_P0ABA6	0.0746405266868351
usage_prot_P09832_3	0.11	0.11	subpool_P09832	0.0746405266869488	0.0646952325706208	usage_prot_P0ACD4_3	0.11	subpool_P0ACD4	0.0746405266869488
usage_prot_P09832_3	0.11	0.11	subpool_P09832	0.0746405266869488	0.0646952325706208	usage_prot_P0AGG0_3	0.11	subpool_P0AGG0	0.0746405266869488
usage_prot_P09832_3	0.11	0.11	subpool_P09832	0.0746405266869488	0.0646952325706208	usage_prot_P0AGK1_3	0.11	subpool_P0AGK1	0.0746405266869488
usage_prot_P09832_3	0.11	0.11	subpool_P09832	0.0746405266869488	0.0646952325706208	usage_prot_P22634_3	0.11	subpool_P22634	0.0746405266869488
usage_prot_P09832_3	0.11	0.11	subpool_P09832	0.0746405266869488	0.0646952325706208	usage_prot_P23845_3	0.11	subpool_P23845	0.0414703399994778
usage_prot_P09832_3	0.11	0.11	subpool_P09832	0.0746405266869488	0.0646952325706208	usage_prot_P27300_3	0.11	subpool_P27300	0.0746405266869488
usage_prot_P09832_3	0.11	0.11	subpool_P09832	0.0746405266869488	0.0646952325706208	usage_prot_P33221_3	0.11	subpool_P33221	0.0746405266869488
usage_prot_P09832_3	0.11	0.11	subpool_P09832	0.0746405266869488	0.0646952325706208	usage_prot_P45578_3	0.11	subpool_P45578	0.0746405266869488
usage_prot_P09832_3	0.11	0.11	subpool_P09832	0.0746405266869488	0.0646952325706208	usage_prot_P69503_3	0.11	subpool_P69503	0.0746405266869488
usage_prot_P09832_3	0.11	0.11	subpool_P09832	0.0746405266869488	0.0646952325706208	usage_prot_P75809_3	0.11	subpool_P75809	0.0337355302976903
usage_prot_P0A7I7_3	0.11	0.11	subpool_P0A7I7	3.74136466234631E-05	3.34510704000154E-05	usage_prot_P00904_3	0.11	subpool_P00904	3.74136466234631E-05
usage_prot_P0A7I7_3	0.11	0.11	subpool_P0A7I7	3.74136466234631E-05	3.34510704000154E-05	usage_prot_P00935_3	0.11	subpool_P00935	3.74136466234631E-05
usage_prot_P0A7I7_3	0.11	0.11	subpool_P0A7I7	3.74136466234631E-05	3.34510704000154E-05	usage_prot_P04036_3	0.11	subpool_P04036	3.74136466234631E-05
usage_prot_P0A7I7_3	0.11	0.11	subpool_P0A7I7	3.74136466234631E-05	3.34510704000154E-05	usage_prot_P06959_3	0.109459444175354	subpool_P06959	3.72297905582788E-05
usage_prot_P0A7I7_3	0.11	0.11	subpool_P0A7I7	3.74136466234631E-05	3.34510704000154E-05	usage_prot_P08179_3	0.11	subpool_P08179	3.74136466234631E-05
usage_prot_P0A7I7_3	0.11	0.11	subpool_P0A7I7	3.74136466234631E-05	3.34510704000154E-05	usage_prot_P09832_3	0.11	subpool_P09832	3.74136466234631E-05
usage_prot_P0A7I7_3	0.11	0.11	subpool_P0A7I7	3.74136466234631E-05	3.34510704000154E-05	usage_prot_P0A7I7_3	0.11	subpool_P0A7I7	3.74136466234631E-05
usage_prot_P0A7I7_3	0.11	0.11	subpool_P0A7I7	3.74136466234631E-05	3.34510704000154E-05	usage_prot_P0A825_3	0.11	subpool_P0A825	3.74136466234631E-05
usage_prot_P0A7I7_3	0.11	0.11	subpool_P0A7I7	3.74136466234631E-05	3.34510704000154E-05	usage_prot_P0A836_3	0.10614198531292	subpool_P0A836	3.61014429811042E-05
usage_prot_P0A7I7_3	0.11	0.11	subpool_P0A7I7	3.74136466234631E-05	3.34510704000154E-05	usage_prot_P0AB98_3	0.11	subpool_P0AB98	3.74136466234631E-05
usage_prot_P0A7I7_3	0.11	0.11	subpool_P0A7I7	3.74136466234631E-05	3.34510704000154E-05	usage_prot_P0ABA0_3	0.11	subpool_P0ABA0	3.74136466234631E-05
usage_prot_P0A7I7_3	0.11	0.11	subpool_P0A7I7	3.74136466234631E-05	3.34510704000154E-05	usage_prot_P0ABA4_3	0.11	subpool_P0ABA4	3.74136466234631E-05
usage_prot_P0A7I7_3	0.11	0.11	subpool_P0A7I7	3.74136466234631E-05	3.34510704000154E-05	usage_prot_P0ABA6_3	0.11	subpool_P0ABA6	3.74136466234631E-05
usage_prot_P0A7I7_3	0.11	0.11	subpool_P0A7I7	3.74136466234631E-05	3.34510704000154E-05	usage_prot_P0ACD4_3	0.11	subpool_P0ACD4	3.74136466234631E-05
usage_prot_P0A7I7_3	0.11	0.11	subpool_P0A7I7	3.74136466234631E-05	3.34510704000154E-05	usage_prot_P0AGK1_3	0.11	subpool_P0AGK1	3.74136466234631E-05
usage_prot_P0A7I7_3	0.11	0.11	subpool_P0A7I7	3.74136466234631E-05	3.34510704000154E-05	usage_prot_P22634_3	0.11	subpool_P22634	3.74136466234631E-05
usage_prot_P0A7I7_3	0.11	0.11	subpool_P0A7I7	3.74136466234631E-05	3.34510704000154E-05	usage_prot_P23845_3	0.11	subpool_P23845	3.74136466234631E-05
usage_prot_P0A7I7_3	0.11	0.11	subpool_P0A7I7	3.74136466234631E-05	3.34510704000154E-05	usage_prot_P27300_3	0.11	subpool_P27300	3.74136466234631E-05
usage_prot_P0A7I7_3	0.11	0.11	subpool_P0A7I7	3.74136466234631E-05	3.34510704000154E-05	usage_prot_P33221_3	0.11	subpool_P33221	3.74136466234631E-05
usage_prot_P0A7I7_3	0.11	0.11	subpool_P0A7I7	3.74136466234631E-05	3.34510704000154E-05	usage_prot_P45578_3	0.11	subpool_P45578	3.74136466234631E-05
usage_prot_P0A7I7_3	0.11	0.11	subpool_P0A7I7	3.74136466234631E-05	3.34510704000154E-05	usage_prot_P69503_3	0.11	subpool_P69503	3.74136466234631E-05
usage_prot_P0A7I7_3	0.11	0.11	subpool_P0A7I7	3.74136466234631E-05	3.34510704000154E-05	usage_prot_P75809_3	0.11	subpool_P75809	3.74136466234631E-05
usage_prot_P0A825_3	0.11	0.11	subpool_P0A825	0.699014072550654	0.699014072550639	usage_prot_P00904_3	0.11	subpool_P00904	0.699014072550654
usage_prot_P0A825_3	0.11	0.11	subpool_P0A825	0.699014072550654	0.699014072550639	usage_prot_P00935_3	0.11	subpool_P00935	0.69901407255054
usage_prot_P0A825_3	0.11	0.11	subpool_P0A825	0.699014072550654	0.699014072550639	usage_prot_P04036_3	0.11	subpool_P04036	0.699014072549971
usage_prot_P0A825_3	0.11	0.11	subpool_P0A825	0.699014072550654	0.699014072550639	usage_prot_P04079_3	0.11	subpool_P04079	0.699014072550767
usage_prot_P0A825_3	0.11	0.11	subpool_P0A825	0.699014072550654	0.699014072550639	usage_prot_P06959_3	0.109460737886957	subpool_P06959	0.695587237952014
usage_prot_P0A825_3	0.11	0.11	subpool_P0A825	0.699014072550654	0.699014072550639	usage_prot_P08179_3	0.11	subpool_P08179	0.699014072550767
usage_prot_P0A825_3	0.11	0.11	subpool_P0A825	0.699014072550654	0.699014072550639	usage_prot_P09832_3	0.11	subpool_P09832	0.699014977640104
usage_prot_P0A825_3	0.11	0.11	subpool_P0A825	0.699014072550654	0.699014072550639	usage_prot_P0A7I7_3	0.11	subpool_P0A7I7	0.699014072550881
usage_prot_P0A825_3	0.11	0.11	subpool_P0A825	0.699014072550654	0.699014072550639	usage_prot_P0A825_3	0.11	subpool_P0A825	0.699014072550654
usage_prot_P0A825_3	0.11	0.11	subpool_P0A825	0.699014072550654	0.699014072550639	usage_prot_P0A836_3	0.106143401010025	subpool_P0A836	0.674648459148997
usage_prot_P0A825_3	0.11	0.11	subpool_P0A825	0.699014072550654	0.699014072550639	usage_prot_P0AB98_3	0.11	subpool_P0AB98	0.699014072550654
usage_prot_P0A825_3	0.11	0.11	subpool_P0A825	0.699014072550654	0.699014072550639	usage_prot_P0ABA0_3	0.11	subpool_P0ABA0	0.699014072550767
usage_prot_P0A825_3	0.11	0.11	subpool_P0A825	0.699014072550654	0.699014072550639	usage_prot_P0ABA4_3	0.11	subpool_P0ABA4	0.699014072550767
usage_prot_P0A825_3	0.11	0.11	subpool_P0A825	0.699014072550654	0.699014072550639	usage_prot_P0ABA6_3	0.11	subpool_P0ABA6	0.699014072550654
usage_prot_P0A825_3	0.11	0.11	subpool_P0A825	0.699014072550654	0.699014072550639	usage_prot_P0ACD4_3	0.11	subpool_P0ACD4	0.699014072550654
usage_prot_P0A825_3	0.11	0.11	subpool_P0A825	0.699014072550654	0.699014072550639	usage_prot_P0AGG0_3	0.11	subpool_P0AGG0	0.699014072550654
usage_prot_P0A825_3	0.11	0.11	subpool_P0A825	0.699014072550654	0.699014072550639	usage_prot_P0AGK1_3	0.11	subpool_P0AGK1	0.699014072550654
usage_prot_P0A825_3	0.11	0.11	subpool_P0A825	0.699014072550654	0.699014072550639	usage_prot_P22634_3	0.11	subpool_P22634	0.699014072550881
usage_prot_P0A825_3	0.11	0.11	subpool_P0A825	0.699014072550654	0.699014072550639	usage_prot_P23845_3	0.11	subpool_P23845	0.699014072550881
usage_prot_P0A825_3	0.11	0.11	subpool_P0A825	0.699014072550654	0.699014072550639	usage_prot_P27300_3	0.11	subpool_P27300	0.699014072550654
usage_prot_P0A825_3	0.11	0.11	subpool_P0A825	0.699014072550654	0.699014072550639	usage_prot_P33221_3	0.11	subpool_P33221	0.699014072550881
usage_prot_P0A825_3	0.11	0.11	subpool_P0A825	0.699014072550654	0.699014072550639	usage_prot_P45578_3	0.11	subpool_P45578	0.699161038748116
usage_prot_P0A825_3	0.11	0.11	subpool_P0A825	0.699014072550654	0.699014072550639	usage_prot_P69503_3	0.11	subpool_P69503	0.699014072550654
usage_prot_P0A825_3	0.11	0.11	subpool_P0A825	0.699014072550654	0.699014072550639	usage_prot_P75809_3	0.11	subpool_P75809	0.702321800554387
usage_prot_P0A836_3	0.11	0.106143411281455	subpool_P0A836	0	0.228786876039688	usage_prot_P00904_3	0.106133071050999	subpool_P00904	0
usage_prot_P0A836_3	0.11	0.106143411281455	subpool_P0A836	0	0.228786876039688	usage_prot_P00935_3	0.106143411291578	subpool_P00935	0
usage_prot_P0A836_3	0.11	0.106143411281455	subpool_P0A836	0	0.228786876039688	usage_prot_P04036_3	0.106143383164233	subpool_P04036	0
usage_prot_P0A836_3	0.11	0.106143411281455	subpool_P0A836	0	0.228786876039688	usage_prot_P04079_3	0.106141082453649	subpool_P04079	0
usage_prot_P0A836_3	0.11	0.106143411281455	subpool_P0A836	0	0.228786876039688	usage_prot_P06959_3	0.102844941581324	subpool_P06959	0
usage_prot_P0A836_3	0.11	0.106143411281455	subpool_P0A836	0	0.228786876039688	usage_prot_P08179_3	0.105788319630715	subpool_P08179	0
usage_prot_P0A836_3	0.11	0.106143411281455	subpool_P0A836	0	0.228786876039688	usage_prot_P09832_3	0.106140289876525	subpool_P09832	0
usage_prot_P0A836_3	0.11	0.106143411281455	subpool_P0A836	0	0.228786876039688	usage_prot_P0A7I7_3	0.10614198531292	subpool_P0A7I7	0
usage_prot_P0A836_3	0.11	0.106143411281455	subpool_P0A836	0	0.228786876039688	usage_prot_P0A825_3	0.10614341129739	subpool_P0A825	0
usage_prot_P0A836_3	0.11	0.106143411281455	subpool_P0A836	0	0.228786876039688	usage_prot_P0A836_3	0.106143411291576	subpool_P0A836	0
usage_prot_P0A836_3	0.11	0.106143411281455	subpool_P0A836	0	0.228786876039688	usage_prot_P0AB98_3	0.1061434116603	subpool_P0AB98	0
usage_prot_P0A836_3	0.11	0.106143411281455	subpool_P0A836	0	0.228786876039688	usage_prot_P0ABA0_3	0.1061434116603	subpool_P0ABA0	0
usage_prot_P0A836_3	0.11	0.106143411281455	subpool_P0A836	0	0.228786876039688	usage_prot_P0ABA4_3	0.106143411425801	subpool_P0ABA4	0
usage_prot_P0A836_3	0.11	0.106143411281455	subpool_P0A836	0	0.228786876039688	usage_prot_P0ABA6_3	0.1061434116603	subpool_P0ABA6	0
usage_prot_P0A836_3	0.11	0.106143411281455	subpool_P0A836	0	0.228786876039688	usage_prot_P0ACD4_3	0.106143411293066	subpool_P0ACD4	0
usage_prot_P0A836_3	0.11	0.106143411281455	subpool_P0A836	0	0.228786876039688	usage_prot_P0AGG0_3	0.106143273082877	subpool_P0AGG0	0
usage_prot_P0A836_3	0.11	0.106143411281455	subpool_P0A836	0	0.228786876039688	usage_prot_P0AGK1_3	0.106143411281691	subpool_P0AGK1	0
usage_prot_P0A836_3	0.11	0.106143411281455	subpool_P0A836	0	0.228786876039688	usage_prot_P22634_3	0.106143400589353	subpool_P22634	0
usage_prot_P0A836_3	0.11	0.106143411281455	subpool_P0A836	0	0.228786876039688	usage_prot_P23845_3	0.104850245284702	subpool_P23845	0
usage_prot_P0A836_3	0.11	0.106143411281455	subpool_P0A836	0	0.228786876039688	usage_prot_P27300_3	0.106143411281456	subpool_P27300	0
usage_prot_P0A836_3	0.11	0.106143411281455	subpool_P0A836	0	0.228786876039688	usage_prot_P33221_3	0.106128709472729	subpool_P33221	0
usage_prot_P0A836_3	0.11	0.106143411281455	subpool_P0A836	0	0.228786876039688	usage_prot_P45578_3	0.106142124783834	subpool_P45578	0
usage_prot_P0A836_3	0.11	0.106143411281455	subpool_P0A836	0	0.228786876039688	usage_prot_P69503_3	0.106143209066977	subpool_P69503	0
usage_prot_P0A836_3	0.11	0.106143411281455	subpool_P0A836	0	0.228786876039688	usage_prot_P75809_3	0.106143318401291	subpool_P75809	0
usage_prot_P0AB98_3	0.11	0.11	subpool_P0AB98	12.6666374803616	12.7385197636176	usage_prot_P00904_3	0.11	subpool_P00904	12.6434188627509
usage_prot_P0AB98_3	0.11	0.11	subpool_P0AB98	12.6666374803616	12.7385197636176	usage_prot_P00935_3	0.11	subpool_P00935	12.6434188627525
usage_prot_P0AB98_3	0.11	0.11	subpool_P0AB98	12.6666374803616	12.7385197636176	usage_prot_P04036_3	0.11	subpool_P04036	12.6434188627514
usage_prot_P0AB98_3	0.11	0.11	subpool_P0AB98	12.6666374803616	12.7385197636176	usage_prot_P04079_3	0.11	subpool_P04079	12.6806221293866
usage_prot_P0AB98_3	0.11	0.11	subpool_P0AB98	12.6666374803616	12.7385197636176	usage_prot_P06959_3	0.109460747746408	subpool_P06959	12.5602342690299
usage_prot_P0AB98_3	0.11	0.11	subpool_P0AB98	12.6666374803616	12.7385197636176	usage_prot_P08179_3	0.11	subpool_P08179	12.7006295369815
usage_prot_P0AB98_3	0.11	0.11	subpool_P0AB98	12.6666374803616	12.7385197636176	usage_prot_P09832_3	0.11	subpool_P09832	12.6588616346219
usage_prot_P0AB98_3	0.11	0.11	subpool_P0AB98	12.6666374803616	12.7385197636176	usage_prot_P0A7I7_3	0.11	subpool_P0A7I7	12.6597792336446
usage_prot_P0AB98_3	0.11	0.11	subpool_P0AB98	12.6666374803616	12.7385197636176	usage_prot_P0A825_3	0.11	subpool_P0A825	12.6434188627514
usage_prot_P0AB98_3	0.11	0.11	subpool_P0AB98	12.6666374803616	12.7385197636176	usage_prot_P0A836_3	0.1061434116603	subpool_P0A836	12.2042283582144
usage_prot_P0AB98_3	0.11	0.11	subpool_P0AB98	12.6666374803616	12.7385197636176	usage_prot_P0AB98_3	0.11	subpool_P0AB98	12.6434273282656
usage_prot_P0AB98_3	0.11	0.11	subpool_P0AB98	12.6666374803616	12.7385197636176	usage_prot_P0ABA0_3	0.11	subpool_P0ABA0	12.6434188627514
usage_prot_P0AB98_3	0.11	0.11	subpool_P0AB98	12.6666374803616	12.7385197636176	usage_prot_P0ABA4_3	0.11	subpool_P0ABA4	12.6434188627516
usage_prot_P0AB98_3	0.11	0.11	subpool_P0AB98	12.6666374803616	12.7385197636176	usage_prot_P0ABA6_3	0.11	subpool_P0ABA6	12.6434188627516
usage_prot_P0AB98_3	0.11	0.11	subpool_P0AB98	12.6666374803616	12.7385197636176	usage_prot_P0ACD4_3	0.11	subpool_P0ACD4	12.6434188627512
usage_prot_P0AB98_3	0.11	0.11	subpool_P0AB98	12.6666374803616	12.7385197636176	usage_prot_P0AGG0_3	0.11	subpool_P0AGG0	12.6434420735277
usage_prot_P0AB98_3	0.11	0.11	subpool_P0AB98	12.6666374803616	12.7385197636176	usage_prot_P0AGK1_3	0.11	subpool_P0AGK1	12.6434188627514
usage_prot_P0AB98_3	0.11	0.11	subpool_P0AB98	12.6666374803616	12.7385197636176	usage_prot_P22634_3	0.11	subpool_P22634	12.643418862751
usage_prot_P0AB98_3	0.11	0.11	subpool_P0AB98	12.6666374803616	12.7385197636176	usage_prot_P23845_3	0.11	subpool_P23845	12.61768425247
usage_prot_P0AB98_3	0.11	0.11	subpool_P0AB98	12.6666374803616	12.7385197636176	usage_prot_P27300_3	0.11	subpool_P27300	12.6434188627516
usage_prot_P0AB98_3	0.11	0.11	subpool_P0AB98	12.6666374803616	12.7385197636176	usage_prot_P33221_3	0.11	subpool_P33221	12.6434195913411
usage_prot_P0AB98_3	0.11	0.11	subpool_P0AB98	12.6666374803616	12.7385197636176	usage_prot_P45578_3	0.11	subpool_P45578	12.6434814867446
usage_prot_P0AB98_3	0.11	0.11	subpool_P0AB98	12.6666374803616	12.7385197636176	usage_prot_P69503_3	0.11	subpool_P69503	12.643418862751
usage_prot_P0AB98_3	0.11	0.11	subpool_P0AB98	12.6666374803616	12.7385197636176	usage_prot_P75809_3	0.11	subpool_P75809	12.6434188627519
usage_prot_P0ABA0_3	0.11	0.11	subpool_P0ABA0	7.20306884904539	7.25724868315334	usage_prot_P00904_3	0.11	subpool_P00904	7.20306884904676
usage_prot_P0ABA0_3	0.11	0.11	subpool_P0ABA0	7.20306884904539	7.25724868315334	usage_prot_P00935_3	0.11	subpool_P00935	7.20306884904471
usage_prot_P0ABA0_3	0.11	0.11	subpool_P0ABA0	7.20306884904539	7.25724868315334	usage_prot_P04036_3	0.11	subpool_P04036	7.20306884904505
usage_prot_P0ABA0_3	0.11	0.11	subpool_P0ABA0	7.20306884904539	7.25724868315334	usage_prot_P04079_3	0.11	subpool_P04079	7.20306884904528
usage_prot_P0ABA0_3	0.11	0.11	subpool_P0ABA0	7.20306884904539	7.25724868315334	usage_prot_P06959_3	0.109460747735245	subpool_P06959	7.15567784105198
usage_prot_P0ABA0_3	0.11	0.11	subpool_P0ABA0	7.20306884904539	7.25724868315334	usage_prot_P08179_3	0.11	subpool_P08179	7.2356622820281
usage_prot_P0ABA0_3	0.11	0.11	subpool_P0ABA0	7.20306884904539	7.25724868315334	usage_prot_P09832_3	0.11	subpool_P09832	7.20306884904653
usage_prot_P0ABA0_3	0.11	0.11	subpool_P0ABA0	7.20306884904539	7.25724868315334	usage_prot_P0A7I7_3	0.11	subpool_P0A7I7	7.20312174259459
usage_prot_P0ABA0_3	0.11	0.11	subpool_P0ABA0	7.20306884904539	7.25724868315334	usage_prot_P0A825_3	0.11	subpool_P0A825	7.20306884904505
usage_prot_P0ABA0_3	0.11	0.11	subpool_P0ABA0	7.20306884904539	7.25724868315334	usage_prot_P0A836_3	0.1061434116603	subpool_P0A836	6.95285808909413
usage_prot_P0ABA0_3	0.11	0.11	subpool_P0ABA0	7.20306884904539	7.25724868315334	usage_prot_P0AB98_3	0.11	subpool_P0AB98	7.20306884904505
usage_prot_P0ABA0_3	0.11	0.11	subpool_P0ABA0	7.20306884904539	7.25724868315334	usage_prot_P0ABA0_3	0.11	subpool_P0ABA0	7.20306884904539
usage_prot_P0ABA0_3	0.11	0.11	subpool_P0ABA0	7.20306884904539	7.25724868315334	usage_prot_P0ABA4_3	0.11	subpool_P0ABA4	7.20306884904517
usage_prot_P0ABA0_3	0.11	0.11	subpool_P0ABA0	7.20306884904539	7.25724868315334	usage_prot_P0ABA6_3	0.11	subpool_P0ABA6	7.20306884904505
usage_prot_P0ABA0_3	0.11	0.11	subpool_P0ABA0	7.20306884904539	7.25724868315334	usage_prot_P0ACD4_3	0.11	subpool_P0ACD4	7.20306884904517
usage_prot_P0ABA0_3	0.11	0.11	subpool_P0ABA0	7.20306884904539	7.25724868315334	usage_prot_P0AGG0_3	0.11	subpool_P0AGG0	7.20308207243204
usage_prot_P0ABA0_3	0.11	0.11	subpool_P0ABA0	7.20306884904539	7.25724868315334	usage_prot_P0AGK1_3	0.11	subpool_P0AGK1	7.20391959314668
usage_prot_P0ABA0_3	0.11	0.11	subpool_P0ABA0	7.20306884904539	7.25724868315334	usage_prot_P22634_3	0.11	subpool_P22634	7.20306884904483
usage_prot_P0ABA0_3	0.11	0.11	subpool_P0ABA0	7.20306884904539	7.25724868315334	usage_prot_P23845_3	0.11	subpool_P23845	7.18840761131526
usage_prot_P0ABA0_3	0.11	0.11	subpool_P0ABA0	7.20306884904539	7.25724868315334	usage_prot_P27300_3	0.11	subpool_P27300	7.20306884904289
usage_prot_P0ABA0_3	0.11	0.11	subpool_P0ABA0	7.20306884904539	7.25724868315334	usage_prot_P33221_3	0.11	subpool_P33221	7.20306884904608
usage_prot_P0ABA0_3	0.11	0.11	subpool_P0ABA0	7.20306884904539	7.25724868315334	usage_prot_P45578_3	0.11	subpool_P45578	7.20310411141077
usage_prot_P0ABA0_3	0.11	0.11	subpool_P0ABA0	7.20306884904539	7.25724868315334	usage_prot_P69503_3	0.11	subpool_P69503	7.20306884904505
usage_prot_P0ABA0_3	0.11	0.11	subpool_P0ABA0	7.20306884904539	7.25724868315334	usage_prot_P75809_3	0.11	subpool_P75809	7.20306884904528
usage_prot_P0ABA4_3	0.11	0.11	subpool_P0ABA4	8.05669064246911	8.12665918634967	usage_prot_P00904_3	0.11	subpool_P00904	8.06598866701199
usage_prot_P0ABA4_3	0.11	0.11	subpool_P0ABA4	8.05669064246911	8.12665918634967	usage_prot_P00935_3	0.11	subpool_P00935	8.06598866701142
usage_prot_P0ABA4_3	0.11	0.11	subpool_P0ABA4	8.05669064246911	8.12665918634967	usage_prot_P04036_3	0.11	subpool_P04036	8.06598866701188
usage_prot_P0ABA4_3	0.11	0.11	subpool_P0ABA4	8.05669064246911	8.12665918634967	usage_prot_P04079_3	0.11	subpool_P04079	8.06598866701245
usage_prot_P0ABA4_3	0.11	0.11	subpool_P0ABA4	8.05669064246911	8.12665918634967	usage_prot_P06959_3	0.109460747735246	subpool_P06959	8.01292026777795
usage_prot_P0ABA4_3	0.11	0.11	subpool_P0ABA4	8.05669064246911	8.12665918634967	usage_prot_P08179_3	0.11	subpool_P08179	8.09916996137213
usage_prot_P0ABA4_3	0.11	0.11	subpool_P0ABA4	8.05669064246911	8.12665918634967	usage_prot_P09832_3	0.11	subpool_P09832	8.06598866701142
usage_prot_P0ABA4_3	0.11	0.11	subpool_P0ABA4	8.05669064246911	8.12665918634967	usage_prot_P0A7I7_3	0.11	subpool_P0A7I7	8.06604789714811
usage_prot_P0ABA4_3	0.11	0.11	subpool_P0ABA4	8.05669064246911	8.12665918634967	usage_prot_P0A825_3	0.11	subpool_P0A825	8.06598866701188
usage_prot_P0ABA4_3	0.11	0.11	subpool_P0ABA4	8.05669064246911	8.12665918634967	usage_prot_P0A836_3	0.106143411425801	subpool_P0A836	7.78580291395816
usage_prot_P0ABA4_3	0.11	0.11	subpool_P0ABA4	8.05669064246911	8.12665918634967	usage_prot_P0AB98_3	0.11	subpool_P0AB98	8.06598866701188
usage_prot_P0ABA4_3	0.11	0.11	subpool_P0ABA4	8.05669064246911	8.12665918634967	usage_prot_P0ABA0_3	0.11	subpool_P0ABA0	8.06597926013251
usage_prot_P0ABA4_3	0.11	0.11	subpool_P0ABA4	8.05669064246911	8.12665918634967	usage_prot_P0ABA4_3	0.11	subpool_P0ABA4	8.05669064246911
usage_prot_P0ABA4_3	0.11	0.11	subpool_P0ABA4	8.05669064246911	8.12665918634967	usage_prot_P0ABA6_3	0.11	subpool_P0ABA6	8.06598866701154
usage_prot_P0ABA4_3	0.11	0.11	subpool_P0ABA4	8.05669064246911	8.12665918634967	usage_prot_P0ACD4_3	0.11	subpool_P0ACD4	8.06598866701188
usage_prot_P0ABA4_3	0.11	0.11	subpool_P0ABA4	8.05669064246911	8.12665918634967	usage_prot_P0AGG0_3	0.11	subpool_P0AGG0	8.06600347454605
usage_prot_P0ABA4_3	0.11	0.11	subpool_P0ABA4	8.05669064246911	8.12665918634967	usage_prot_P0AGK1_3	0.11	subpool_P0AGK1	8.06598913182211
usage_prot_P0ABA4_3	0.11	0.11	subpool_P0ABA4	8.05669064246911	8.12665918634967	usage_prot_P22634_3	0.11	subpool_P22634	8.06601828208056
usage_prot_P0ABA4_3	0.11	0.11	subpool_P0ABA4	8.05669064246911	8.12665918634967	usage_prot_P23845_3	0.11	subpool_P23845	8.04957102894014
usage_prot_P0ABA4_3	0.11	0.11	subpool_P0ABA4	8.05669064246911	8.12665918634967	usage_prot_P27300_3	0.11	subpool_P27300	8.06598866701211
usage_prot_P0ABA4_3	0.11	0.11	subpool_P0ABA4	8.05669064246911	8.12665918634967	usage_prot_P33221_3	0.11	subpool_P33221	8.06598866701222
usage_prot_P0ABA4_3	0.11	0.11	subpool_P0ABA4	8.05669064246911	8.12665918634967	usage_prot_P45578_3	0.11	subpool_P45578	8.06602861858073
usage_prot_P0ABA4_3	0.11	0.11	subpool_P0ABA4	8.05669064246911	8.12665918634967	usage_prot_P69503_3	0.11	subpool_P69503	8.06598866701233
usage_prot_P0ABA4_3	0.11	0.11	subpool_P0ABA4	8.05669064246911	8.12665918634967	usage_prot_P75809_3	0.11	subpool_P75809	8.06598866701211
usage_prot_P0ABA6_3	0.11	0.11	subpool_P0ABA6	13.1485637339547	13.2740594015419	usage_prot_P00904_3	0.11	subpool_P00904	13.1749603672217
usage_prot_P0ABA6_3	0.11	0.11	subpool_P0ABA6	13.1485637339547	13.2740594015419	usage_prot_P00935_3	0.11	subpool_P00935	13.1749603672203
usage_prot_P0ABA6_3	0.11	0.11	subpool_P0ABA6	13.1485637339547	13.2740594015419	usage_prot_P04036_3	0.11	subpool_P04036	13.1749603672182
usage_prot_P0ABA6_3	0.11	0.11	subpool_P0ABA6	13.1485637339547	13.2740594015419	usage_prot_P04079_3	0.11	subpool_P04079	13.1749603672231
usage_prot_P0ABA6_3	0.11	0.11	subpool_P0ABA6	13.1485637339547	13.2740594015419	usage_prot_P06959_3	0.109460747746408	subpool_P06959	13.0882786130747
usage_prot_P0ABA6_3	0.11	0.11	subpool_P0ABA6	13.1485637339547	13.2740594015419	usage_prot_P08179_3	0.11	subpool_P08179	13.2345762332901
usage_prot_P0ABA6_3	0.11	0.11	subpool_P0ABA6	13.1485637339547	13.2740594015419	usage_prot_P09832_3	0.11	subpool_P09832	13.1749603672185
usage_prot_P0ABA6_3	0.11	0.11	subpool_P0ABA6	13.1485637339547	13.2740594015419	usage_prot_P0A7I7_3	0.11	subpool_P0A7I7	13.1752760219762
usage_prot_P0ABA6_3	0.11	0.11	subpool_P0ABA6	13.1485637339547	13.2740594015419	usage_prot_P0A825_3	0.11	subpool_P0A825	13.174960367222
usage_prot_P0ABA6_3	0.11	0.11	subpool_P0ABA6	13.1485637339547	13.2740594015419	usage_prot_P0A836_3	0.1061434116603	subpool_P0A836	12.7173058709385
usage_prot_P0ABA6_3	0.11	0.11	subpool_P0ABA6	13.1485637339547	13.2740594015419	usage_prot_P0AB98_3	0.11	subpool_P0AB98	13.1749603672222
usage_prot_P0ABA6_3	0.11	0.11	subpool_P0ABA6	13.1485637339547	13.2740594015419	usage_prot_P0ABA0_3	0.11	subpool_P0ABA0	13.1749603672222
usage_prot_P0ABA6_3	0.11	0.11	subpool_P0ABA6	13.1485637339547	13.2740594015419	usage_prot_P0ABA4_3	0.11	subpool_P0ABA4	13.1749603672217
usage_prot_P0ABA6_3	0.11	0.11	subpool_P0ABA6	13.1485637339547	13.2740594015419	usage_prot_P0ABA6_3	0.11	subpool_P0ABA6	13.1749603672223
usage_prot_P0ABA6_3	0.11	0.11	subpool_P0ABA6	13.1485637339547	13.2740594015419	usage_prot_P0ACD4_3	0.11	subpool_P0ACD4	13.174960367222
usage_prot_P0ABA6_3	0.11	0.11	subpool_P0ABA6	13.1485637339547	13.2740594015419	usage_prot_P0AGG0_3	0.11	subpool_P0AGG0	13.1749845538018
usage_prot_P0ABA6_3	0.11	0.11	subpool_P0ABA6	13.1485637339547	13.2740594015419	usage_prot_P0AGK1_3	0.11	subpool_P0AGK1	13.1749603672182
usage_prot_P0ABA6_3	0.11	0.11	subpool_P0ABA6	13.1485637339547	13.2740594015419	usage_prot_P22634_3	0.11	subpool_P22634	13.1749603672216
usage_prot_P0ABA6_3	0.11	0.11	subpool_P0ABA6	13.1485637339547	13.2740594015419	usage_prot_P23845_3	0.11	subpool_P23845	13.1827340569555
usage_prot_P0ABA6_3	0.11	0.11	subpool_P0ABA6	13.1485637339547	13.2740594015419	usage_prot_P27300_3	0.11	subpool_P27300	13.1749603672213
usage_prot_P0ABA6_3	0.11	0.11	subpool_P0ABA6	13.1485637339547	13.2740594015419	usage_prot_P33221_3	0.11	subpool_P33221	13.1749603672228
usage_prot_P0ABA6_3	0.11	0.11	subpool_P0ABA6	13.1485637339547	13.2740594015419	usage_prot_P45578_3	0.11	subpool_P45578	13.2326060618481
usage_prot_P0ABA6_3	0.11	0.11	subpool_P0ABA6	13.1485637339547	13.2740594015419	usage_prot_P69503_3	0.11	subpool_P69503	13.1749603672217
usage_prot_P0ABA6_3	0.11	0.11	subpool_P0ABA6	13.1485637339547	13.2740594015419	usage_prot_P75809_3	0.11	subpool_P75809	13.1911299979103
usage_prot_P0ACD4_3	0.11	0.11	subpool_P0ACD4	2.18977484109928E-05	2.18977484061469E-05	usage_prot_P00904_3	0.11	subpool_P00904	2.18977484109928E-05
usage_prot_P0ACD4_3	0.11	0.11	subpool_P0ACD4	2.18977484109928E-05	2.18977484061469E-05	usage_prot_P00935_3	0.11	subpool_P00935	2.18977484109928E-05
usage_prot_P0ACD4_3	0.11	0.11	subpool_P0ACD4	2.18977484109928E-05	2.18977484061469E-05	usage_prot_P04036_3	0.11	subpool_P04036	2.18977484109928E-05
usage_prot_P0ACD4_3	0.11	0.11	subpool_P0ACD4	2.18977484109928E-05	2.18977484061469E-05	usage_prot_P04079_3	0.11	subpool_P04079	2.18977484109928E-05
usage_prot_P0ACD4_3	0.11	0.11	subpool_P0ACD4	2.18977484109928E-05	2.18977484061469E-05	usage_prot_P06959_3	0.109460747878679	subpool_P06959	2.17903992490544E-05
usage_prot_P0ACD4_3	0.11	0.11	subpool_P0ACD4	2.18977484109928E-05	2.18977484061469E-05	usage_prot_P08179_3	0.11	subpool_P08179	2.18977484109928E-05
usage_prot_P0ACD4_3	0.11	0.11	subpool_P0ACD4	2.18977484109928E-05	2.18977484061469E-05	usage_prot_P09832_3	0.11	subpool_P09832	2.18977484109928E-05
usage_prot_P0ACD4_3	0.11	0.11	subpool_P0ACD4	2.18977484109928E-05	2.18977484061469E-05	usage_prot_P0A7I7_3	0.11	subpool_P0A7I7	2.18977484109928E-05
usage_prot_P0ACD4_3	0.11	0.11	subpool_P0ACD4	2.18977484109928E-05	2.18977484061469E-05	usage_prot_P0A825_3	0.11	subpool_P0A825	2.18977484109928E-05
usage_prot_P0ACD4_3	0.11	0.11	subpool_P0ACD4	2.18977484109928E-05	2.18977484061469E-05	usage_prot_P0A836_3	0.106143401010028	subpool_P0A836	2.1130013548094E-05
usage_prot_P0ACD4_3	0.11	0.11	subpool_P0ACD4	2.18977484109928E-05	2.18977484061469E-05	usage_prot_P0AB98_3	0.11	subpool_P0AB98	2.18977484109928E-05
usage_prot_P0ACD4_3	0.11	0.11	subpool_P0ACD4	2.18977484109928E-05	2.18977484061469E-05	usage_prot_P0ABA0_3	0.11	subpool_P0ABA0	2.18977484109928E-05
usage_prot_P0ACD4_3	0.11	0.11	subpool_P0ACD4	2.18977484109928E-05	2.18977484061469E-05	usage_prot_P0ABA4_3	0.11	subpool_P0ABA4	2.18977484109928E-05
usage_prot_P0ACD4_3	0.11	0.11	subpool_P0ACD4	2.18977484109928E-05	2.18977484061469E-05	usage_prot_P0ABA6_3	0.11	subpool_P0ABA6	2.18977484109928E-05
usage_prot_P0ACD4_3	0.11	0.11	subpool_P0ACD4	2.18977484109928E-05	2.18977484061469E-05	usage_prot_P0ACD4_3	0.11	subpool_P0ACD4	2.18977484109928E-05
usage_prot_P0ACD4_3	0.11	0.11	subpool_P0ACD4	2.18977484109928E-05	2.18977484061469E-05	usage_prot_P0AGG0_3	0.11	subpool_P0AGG0	2.18977484109928E-05
usage_prot_P0ACD4_3	0.11	0.11	subpool_P0ACD4	2.18977484109928E-05	2.18977484061469E-05	usage_prot_P0AGK1_3	0.11	subpool_P0AGK1	2.18977484109928E-05
usage_prot_P0ACD4_3	0.11	0.11	subpool_P0ACD4	2.18977484109928E-05	2.18977484061469E-05	usage_prot_P22634_3	0.11	subpool_P22634	2.18977484109928E-05
usage_prot_P0ACD4_3	0.11	0.11	subpool_P0ACD4	2.18977484109928E-05	2.18977484061469E-05	usage_prot_P23845_3	0.11	subpool_P23845	2.18977484109928E-05
usage_prot_P0ACD4_3	0.11	0.11	subpool_P0ACD4	2.18977484109928E-05	2.18977484061469E-05	usage_prot_P27300_3	0.11	subpool_P27300	2.18977484109928E-05
usage_prot_P0ACD4_3	0.11	0.11	subpool_P0ACD4	2.18977484109928E-05	2.18977484061469E-05	usage_prot_P33221_3	0.11	subpool_P33221	2.18977484109928E-05
usage_prot_P0ACD4_3	0.11	0.11	subpool_P0ACD4	2.18977484109928E-05	2.18977484061469E-05	usage_prot_P45578_3	0.11	subpool_P45578	2.18977484109928E-05
usage_prot_P0ACD4_3	0.11	0.11	subpool_P0ACD4	2.18977484109928E-05	2.18977484061469E-05	usage_prot_P69503_3	0.11	subpool_P69503	2.18977484109928E-05
usage_prot_P0ACD4_3	0.11	0.11	subpool_P0ACD4	2.18977484109928E-05	2.18977484061469E-05	usage_prot_P75809_3	0.11	subpool_P75809	2.18977484109928E-05
usage_prot_P0AGG0_3	0.11	0.11	subpool_P0AGG0	3.06232519733385E-05	9.25563760001975E-05	usage_prot_P00904_3	0.11	subpool_P00904	3.06232519733385E-05
usage_prot_P0AGG0_3	0.11	0.11	subpool_P0AGG0	3.06232519733385E-05	9.25563760001975E-05	usage_prot_P00935_3	0.11	subpool_P00935	3.06232519733385E-05
usage_prot_P0AGG0_3	0.11	0.11	subpool_P0AGG0	3.06232519733385E-05	9.25563760001975E-05	usage_prot_P04036_3	0.11	subpool_P04036	3.06232519733385E-05
usage_prot_P0AGG0_3	0.11	0.11	subpool_P0AGG0	3.06232519733385E-05	9.25563760001975E-05	usage_prot_P04079_3	0.11	subpool_P04079	3.06232519733385E-05
usage_prot_P0AGG0_3	0.11	0.11	subpool_P0AGG0	3.06232519733385E-05	9.25563760001975E-05	usage_prot_P06959_3	0.109460610417028	subpool_P06959	3.04730896079496E-05
usage_prot_P0AGG0_3	0.11	0.11	subpool_P0AGG0	3.06232519733385E-05	9.25563760001975E-05	usage_prot_P08179_3	0.11	subpool_P08179	3.06232519733385E-05
usage_prot_P0AGG0_3	0.11	0.11	subpool_P0AGG0	3.06232519733385E-05	9.25563760001975E-05	usage_prot_P09832_3	0.11	subpool_P09832	3.06232519733385E-05
usage_prot_P0AGG0_3	0.11	0.11	subpool_P0AGG0	3.06232519733385E-05	9.25563760001975E-05	usage_prot_P0A825_3	0.11	subpool_P0A825	3.06232519733385E-05
usage_prot_P0AGG0_3	0.11	0.11	subpool_P0AGG0	3.06232519733385E-05	9.25563760001975E-05	usage_prot_P0A836_3	0.106143273082877	subpool_P0A836	2.95495654520159E-05
usage_prot_P0AGG0_3	0.11	0.11	subpool_P0AGG0	3.06232519733385E-05	9.25563760001975E-05	usage_prot_P0AB98_3	0.11	subpool_P0AB98	3.06232519733385E-05
usage_prot_P0AGG0_3	0.11	0.11	subpool_P0AGG0	3.06232519733385E-05	9.25563760001975E-05	usage_prot_P0ABA0_3	0.11	subpool_P0ABA0	3.06232519733385E-05
usage_prot_P0AGG0_3	0.11	0.11	subpool_P0AGG0	3.06232519733385E-05	9.25563760001975E-05	usage_prot_P0ABA4_3	0.11	subpool_P0ABA4	3.06232519733385E-05
usage_prot_P0AGG0_3	0.11	0.11	subpool_P0AGG0	3.06232519733385E-05	9.25563760001975E-05	usage_prot_P0ABA6_3	0.11	subpool_P0ABA6	3.06232519733385E-05
usage_prot_P0AGG0_3	0.11	0.11	subpool_P0AGG0	3.06232519733385E-05	9.25563760001975E-05	usage_prot_P0ACD4_3	0.11	subpool_P0ACD4	3.06232519733385E-05
usage_prot_P0AGG0_3	0.11	0.11	subpool_P0AGG0	3.06232519733385E-05	9.25563760001975E-05	usage_prot_P0AGG0_3	0.11	subpool_P0AGG0	3.06232519733385E-05
usage_prot_P0AGG0_3	0.11	0.11	subpool_P0AGG0	3.06232519733385E-05	9.25563760001975E-05	usage_prot_P0AGK1_3	0.11	subpool_P0AGK1	3.06232519733385E-05
usage_prot_P0AGG0_3	0.11	0.11	subpool_P0AGG0	3.06232519733385E-05	9.25563760001975E-05	usage_prot_P22634_3	0.11	subpool_P22634	3.06232519733385E-05
usage_prot_P0AGG0_3	0.11	0.11	subpool_P0AGG0	3.06232519733385E-05	9.25563760001975E-05	usage_prot_P23845_3	0.11	subpool_P23845	3.06232519733385E-05
usage_prot_P0AGG0_3	0.11	0.11	subpool_P0AGG0	3.06232519733385E-05	9.25563760001975E-05	usage_prot_P27300_3	0.11	subpool_P27300	3.06232519733385E-05
usage_prot_P0AGG0_3	0.11	0.11	subpool_P0AGG0	3.06232519733385E-05	9.25563760001975E-05	usage_prot_P33221_3	0.11	subpool_P33221	3.06232519733385E-05
usage_prot_P0AGG0_3	0.11	0.11	subpool_P0AGG0	3.06232519733385E-05	9.25563760001975E-05	usage_prot_P45578_3	0.11	subpool_P45578	3.06232519733385E-05
usage_prot_P0AGG0_3	0.11	0.11	subpool_P0AGG0	3.06232519733385E-05	9.25563760001975E-05	usage_prot_P69503_3	0.11	subpool_P69503	3.06232519733385E-05
usage_prot_P0AGG0_3	0.11	0.11	subpool_P0AGG0	3.06232519733385E-05	9.25563760001975E-05	usage_prot_P75809_3	0.11	subpool_P75809	3.06232519733385E-05
usage_prot_P0AGK1_3	0.11	0.11	subpool_P0AGK1	0.00035473568902944	0.000354735689	usage_prot_P00904_3	0.11	subpool_P00904	0.00035473568902944
usage_prot_P0AGK1_3	0.11	0.11	subpool_P0AGK1	0.00035473568902944	0.000354735689	usage_prot_P00935_3	0.11	subpool_P00935	0.00035473568902944
usage_prot_P0AGK1_3	0.11	0.11	subpool_P0AGK1	0.00035473568902944	0.000354735689	usage_prot_P04036_3	0.11	subpool_P04036	0.00035473568902944
usage_prot_P0AGK1_3	0.11	0.11	subpool_P0AGK1	0.00035473568902944	0.000354735689	usage_prot_P04079_3	0.11	subpool_P04079	0.00035473568902944
usage_prot_P0AGK1_3	0.11	0.11	subpool_P0AGK1	0.00035473568902944	0.000354735689	usage_prot_P06959_3	0.109460738274431	subpool_P06959	0.000352996640092991
usage_prot_P0AGK1_3	0.11	0.11	subpool_P0AGK1	0.00035473568902944	0.000354735689	usage_prot_P08179_3	0.11	subpool_P08179	0.00035473568902944
usage_prot_P0AGK1_3	0.11	0.11	subpool_P0AGK1	0.00035473568902944	0.000354735689	usage_prot_P09832_3	0.11	subpool_P09832	0.00035473568902944
usage_prot_P0AGK1_3	0.11	0.11	subpool_P0AGK1	0.00035473568902944	0.000354735689	usage_prot_P0A7I7_3	0.11	subpool_P0A7I7	0.00035473568902944
usage_prot_P0AGK1_3	0.11	0.11	subpool_P0AGK1	0.00035473568902944	0.000354735689	usage_prot_P0A825_3	0.11	subpool_P0A825	0.00035473568902944
usage_prot_P0AGK1_3	0.11	0.11	subpool_P0AGK1	0.00035473568902944	0.000354735689	usage_prot_P0A836_3	0.106143411281691	subpool_P0A836	0.000342298692125645
usage_prot_P0AGK1_3	0.11	0.11	subpool_P0AGK1	0.00035473568902944	0.000354735689	usage_prot_P0AB98_3	0.11	subpool_P0AB98	0.00035473568902944
usage_prot_P0AGK1_3	0.11	0.11	subpool_P0AGK1	0.00035473568902944	0.000354735689	usage_prot_P0ABA0_3	0.11	subpool_P0ABA0	0.00035473568902944
usage_prot_P0AGK1_3	0.11	0.11	subpool_P0AGK1	0.00035473568902944	0.000354735689	usage_prot_P0ABA4_3	0.11	subpool_P0ABA4	0.00035473568902944
usage_prot_P0AGK1_3	0.11	0.11	subpool_P0AGK1	0.00035473568902944	0.000354735689	usage_prot_P0ABA6_3	0.11	subpool_P0ABA6	0.00035473568902944
usage_prot_P0AGK1_3	0.11	0.11	subpool_P0AGK1	0.00035473568902944	0.000354735689	usage_prot_P0ACD4_3	0.11	subpool_P0ACD4	0.00035473568902944
usage_prot_P0AGK1_3	0.11	0.11	subpool_P0AGK1	0.00035473568902944	0.000354735689	usage_prot_P0AGG0_3	0.11	subpool_P0AGG0	0.00035473568902944
usage_prot_P0AGK1_3	0.11	0.11	subpool_P0AGK1	0.00035473568902944	0.000354735689	usage_prot_P0AGK1_3	0.11	subpool_P0AGK1	0.00035473568902944
usage_prot_P0AGK1_3	0.11	0.11	subpool_P0AGK1	0.00035473568902944	0.000354735689	usage_prot_P22634_3	0.11	subpool_P22634	0.00035473568902944
usage_prot_P0AGK1_3	0.11	0.11	subpool_P0AGK1	0.00035473568902944	0.000354735689	usage_prot_P23845_3	0.11	subpool_P23845	0.00035473568902944
usage_prot_P0AGK1_3	0.11	0.11	subpool_P0AGK1	0.00035473568902944	0.000354735689	usage_prot_P27300_3	0.11	subpool_P27300	0.00035473568902944
usage_prot_P0AGK1_3	0.11	0.11	subpool_P0AGK1	0.00035473568902944	0.000354735689	usage_prot_P33221_3	0.11	subpool_P33221	0.00035473568902944
usage_prot_P0AGK1_3	0.11	0.11	subpool_P0AGK1	0.00035473568902944	0.000354735689	usage_prot_P45578_3	0.11	subpool_P45578	0.00035473568902944
usage_prot_P0AGK1_3	0.11	0.11	subpool_P0AGK1	0.00035473568902944	0.000354735689	usage_prot_P69503_3	0.11	subpool_P69503	0.00035473568902944
usage_prot_P0AGK1_3	0.11	0.11	subpool_P0AGK1	0.00035473568902944	0.000354735689	usage_prot_P75809_3	0.11	subpool_P75809	0.00035473568902944
usage_prot_P22634_3	0.11	0.11	subpool_P22634	0.138324245707963	0.138324245708	usage_prot_P00904_3	0.11	subpool_P00904	0.138324245707963
usage_prot_P22634_3	0.11	0.11	subpool_P22634	0.138324245707963	0.138324245708	usage_prot_P00935_3	0.11	subpool_P00935	0.138324245707963
usage_prot_P22634_3	0.11	0.11	subpool_P22634	0.138324245707963	0.138324245708	usage_prot_P04036_3	0.11	subpool_P04036	0.138324245707963
usage_prot_P22634_3	0.11	0.11	subpool_P22634	0.138324245707963	0.138324245708	usage_prot_P04079_3	0.11	subpool_P04079	0.138324245707963
usage_prot_P22634_3	0.11	0.11	subpool_P22634	0.138324245707963	0.138324245708	usage_prot_P06959_3	0.109460747735246	subpool_P06959	0.137646139682832
usage_prot_P22634_3	0.11	0.11	subpool_P22634	0.138324245707963	0.138324245708	usage_prot_P08179_3	0.11	subpool_P08179	0.138324245707963
usage_prot_P22634_3	0.11	0.11	subpool_P22634	0.138324245707963	0.138324245708	usage_prot_P09832_3	0.11	subpool_P09832	0.138324245707963
usage_prot_P22634_3	0.11	0.11	subpool_P22634	0.138324245707963	0.138324245708	usage_prot_P0A7I7_3	0.11	subpool_P0A7I7	0.138324245707963
usage_prot_P22634_3	0.11	0.11	subpool_P22634	0.138324245707963	0.138324245708	usage_prot_P0A825_3	0.11	subpool_P0A825	0.138324245707963
usage_prot_P22634_3	0.11	0.11	subpool_P22634	0.138324245707963	0.138324245708	usage_prot_P0A836_3	0.106143400589353	subpool_P0A836	0.133474598394585
usage_prot_P22634_3	0.11	0.11	subpool_P22634	0.138324245707963	0.138324245708	usage_prot_P0AB98_3	0.11	subpool_P0AB98	0.138324245707963
usage_prot_P22634_3	0.11	0.11	subpool_P22634	0.138324245707963	0.138324245708	usage_prot_P0ABA0_3	0.11	subpool_P0ABA0	0.138324245707963
usage_prot_P22634_3	0.11	0.11	subpool_P22634	0.138324245707963	0.138324245708	usage_prot_P0ABA4_3	0.11	subpool_P0ABA4	0.138324245707963
usage_prot_P22634_3	0.11	0.11	subpool_P22634	0.138324245707963	0.138324245708	usage_prot_P0ABA6_3	0.11	subpool_P0ABA6	0.138324245707963
usage_prot_P22634_3	0.11	0.11	subpool_P22634	0.138324245707963	0.138324245708	usage_prot_P0ACD4_3	0.11	subpool_P0ACD4	0.138324245707963
usage_prot_P22634_3	0.11	0.11	subpool_P22634	0.138324245707963	0.138324245708	usage_prot_P0AGG0_3	0.11	subpool_P0AGG0	0.138324245707963
usage_prot_P22634_3	0.11	0.11	subpool_P22634	0.138324245707963	0.138324245708	usage_prot_P0AGK1_3	0.11	subpool_P0AGK1	0.138324245707963
usage_prot_P22634_3	0.11	0.11	subpool_P22634	0.138324245707963	0.138324245708	usage_prot_P22634_3	0.11	subpool_P22634	0.138324245707963
usage_prot_P22634_3	0.11	0.11	subpool_P22634	0.138324245707963	0.138324245708	usage_prot_P23845_3	0.11	subpool_P23845	0.138324245707963
usage_prot_P22634_3	0.11	0.11	subpool_P22634	0.138324245707963	0.138324245708	usage_prot_P27300_3	0.11	subpool_P27300	0.138324245707963
usage_prot_P22634_3	0.11	0.11	subpool_P22634	0.138324245707963	0.138324245708	usage_prot_P33221_3	0.11	subpool_P33221	0.138324245707963
usage_prot_P22634_3	0.11	0.11	subpool_P22634	0.138324245707963	0.138324245708	usage_prot_P45578_3	0.11	subpool_P45578	0.138324245707963
usage_prot_P22634_3	0.11	0.11	subpool_P22634	0.138324245707963	0.138324245708	usage_prot_P69503_3	0.11	subpool_P69503	0.138324245707963
usage_prot_P22634_3	0.11	0.11	subpool_P22634	0.138324245707963	0.138324245708	usage_prot_P75809_3	0.11	subpool_P75809	0.138324245707963
usage_prot_P23845_3	0.11	0.11	subpool_P23845	0.0169150223088081	0.0978964985066847	usage_prot_P00904_3	0.11	subpool_P00904	0.0169150223088081
usage_prot_P23845_3	0.11	0.11	subpool_P23845	0.0169150223088081	0.0978964985066847	usage_prot_P00935_3	0.11	subpool_P00935	0.0169150223088081
usage_prot_P23845_3	0.11	0.11	subpool_P23845	0.0169150223088081	0.0978964985066847	usage_prot_P04036_3	0.11	subpool_P04036	0.0169150223088081
usage_prot_P23845_3	0.11	0.11	subpool_P23845	0.0169150223088081	0.0978964985066847	usage_prot_P04079_3	0.11	subpool_P04079	0.0169150223088081
usage_prot_P23845_3	0.11	0.11	subpool_P23845	0.0169150223088081	0.0978964985066847	usage_prot_P06959_3	0.108268084371619	subpool_P06959	0.0166487005679726
usage_prot_P23845_3	0.11	0.11	subpool_P23845	0.0169150223088081	0.0978964985066847	usage_prot_P08179_3	0.11	subpool_P08179	0.0169150223088081
usage_prot_P23845_3	0.11	0.11	subpool_P23845	0.0169150223088081	0.0978964985066847	usage_prot_P09832_3	0.11	subpool_P09832	0.0169150223088081
usage_prot_P23845_3	0.11	0.11	subpool_P23845	0.0169150223088081	0.0978964985066847	usage_prot_P0A7I7_3	0.11	subpool_P0A7I7	0.0169150223088081
usage_prot_P23845_3	0.11	0.11	subpool_P23845	0.0169150223088081	0.0978964985066847	usage_prot_P0A825_3	0.11	subpool_P0A825	0.0169150223088081
usage_prot_P23845_3	0.11	0.11	subpool_P23845	0.0169150223088081	0.0978964985066847	usage_prot_P0A836_3	0.104850245284702	subpool_P0A836	0.0161231294370354
usage_prot_P23845_3	0.11	0.11	subpool_P23845	0.0169150223088081	0.0978964985066847	usage_prot_P0AB98_3	0.11	subpool_P0AB98	0.0169150223088081
usage_prot_P23845_3	0.11	0.11	subpool_P23845	0.0169150223088081	0.0978964985066847	usage_prot_P0ABA0_3	0.11	subpool_P0ABA0	0.0169150223088081
usage_prot_P23845_3	0.11	0.11	subpool_P23845	0.0169150223088081	0.0978964985066847	usage_prot_P0ABA4_3	0.11	subpool_P0ABA4	0.0169150223088081
usage_prot_P23845_3	0.11	0.11	subpool_P23845	0.0169150223088081	0.0978964985066847	usage_prot_P0ABA6_3	0.11	subpool_P0ABA6	0.0169150223088081
usage_prot_P23845_3	0.11	0.11	subpool_P23845	0.0169150223088081	0.0978964985066847	usage_prot_P0ACD4_3	0.11	subpool_P0ACD4	0.0169150223088081
usage_prot_P23845_3	0.11	0.11	subpool_P23845	0.0169150223088081	0.0978964985066847	usage_prot_P0AGG0_3	0.11	subpool_P0AGG0	0.0169150223088081
usage_prot_P23845_3	0.11	0.11	subpool_P23845	0.0169150223088081	0.0978964985066847	usage_prot_P0AGK1_3	0.11	subpool_P0AGK1	0.0169150223088081
usage_prot_P23845_3	0.11	0.11	subpool_P23845	0.0169150223088081	0.0978964985066847	usage_prot_P22634_3	0.11	subpool_P22634	0.0169150223088081
usage_prot_P23845_3	0.11	0.11	subpool_P23845	0.0169150223088081	0.0978964985066847	usage_prot_P23845_3	0.11	subpool_P23845	0.0169150223088081
usage_prot_P23845_3	0.11	0.11	subpool_P23845	0.0169150223088081	0.0978964985066847	usage_prot_P27300_3	0.11	subpool_P27300	0.0169150223088081
usage_prot_P23845_3	0.11	0.11	subpool_P23845	0.0169150223088081	0.0978964985066847	usage_prot_P33221_3	0.11	subpool_P33221	0.0169150223088081
usage_prot_P23845_3	0.11	0.11	subpool_P23845	0.0169150223088081	0.0978964985066847	usage_prot_P45578_3	0.11	subpool_P45578	0.0169150223088081
usage_prot_P23845_3	0.11	0.11	subpool_P23845	0.0169150223088081	0.0978964985066847	usage_prot_P69503_3	0.11	subpool_P69503	0.0169150223088081
usage_prot_P23845_3	0.11	0.11	subpool_P23845	0.0169150223088081	0.0978964985066847	usage_prot_P75809_3	0.11	subpool_P75809	0.0169150223088081
usage_prot_P27300_3	0.11	0.11	subpool_P27300	0.0018264767487608	0.0018264767488	usage_prot_P00904_3	0.11	subpool_P00904	0.0018264767487608
usage_prot_P27300_3	0.11	0.11	subpool_P27300	0.0018264767487608	0.0018264767488	usage_prot_P00935_3	0.11	subpool_P00935	0.0018264767487608
usage_prot_P27300_3	0.11	0.11	subpool_P27300	0.0018264767487608	0.0018264767488	usage_prot_P04036_3	0.11	subpool_P04036	0.0018264767487608
usage_prot_P27300_3	0.11	0.11	subpool_P27300	0.0018264767487608	0.0018264767488	usage_prot_P04079_3	0.11	subpool_P04079	0.0018264767487608
usage_prot_P27300_3	0.11	0.11	subpool_P27300	0.0018264767487608	0.0018264767488	usage_prot_P06959_3	0.109460744538128	subpool_P06959	0.00181752277095661
usage_prot_P27300_3	0.11	0.11	subpool_P27300	0.0018264767487608	0.0018264767488	usage_prot_P08179_3	0.11	subpool_P08179	0.0018264767487608
usage_prot_P27300_3	0.11	0.11	subpool_P27300	0.0018264767487608	0.0018264767488	usage_prot_P09832_3	0.11	subpool_P09832	0.0018264767487608
usage_prot_P27300_3	0.11	0.11	subpool_P27300	0.0018264767487608	0.0018264767488	usage_prot_P0A7I7_3	0.11	subpool_P0A7I7	0.0018264767487608
usage_prot_P27300_3	0.11	0.11	subpool_P27300	0.0018264767487608	0.0018264767488	usage_prot_P0A825_3	0.11	subpool_P0A825	0.0018264767487608
usage_prot_P27300_3	0.11	0.11	subpool_P27300	0.0018264767487608	0.0018264767488	usage_prot_P0A836_3	0.106143411281456	subpool_P0A836	0.00176244066130813
usage_prot_P27300_3	0.11	0.11	subpool_P27300	0.0018264767487608	0.0018264767488	usage_prot_P0AB98_3	0.11	subpool_P0AB98	0.0018264767487608
usage_prot_P27300_3	0.11	0.11	subpool_P27300	0.0018264767487608	0.0018264767488	usage_prot_P0ABA0_3	0.11	subpool_P0ABA0	0.0018264767487608
usage_prot_P27300_3	0.11	0.11	subpool_P27300	0.0018264767487608	0.0018264767488	usage_prot_P0ABA4_3	0.11	subpool_P0ABA4	0.0018264767487608
usage_prot_P27300_3	0.11	0.11	subpool_P27300	0.0018264767487608	0.0018264767488	usage_prot_P0ABA6_3	0.11	subpool_P0ABA6	0.0018264767487608
usage_prot_P27300_3	0.11	0.11	subpool_P27300	0.0018264767487608	0.0018264767488	usage_prot_P0ACD4_3	0.11	subpool_P0ACD4	0.0018264767487608
usage_prot_P27300_3	0.11	0.11	subpool_P27300	0.0018264767487608	0.0018264767488	usage_prot_P0AGG0_3	0.11	subpool_P0AGG0	0.0018264767487608
usage_prot_P27300_3	0.11	0.11	subpool_P27300	0.0018264767487608	0.0018264767488	usage_prot_P0AGK1_3	0.11	subpool_P0AGK1	0.0018264767487608
usage_prot_P27300_3	0.11	0.11	subpool_P27300	0.0018264767487608	0.0018264767488	usage_prot_P22634_3	0.11	subpool_P22634	0.0018264767487608
usage_prot_P27300_3	0.11	0.11	subpool_P27300	0.0018264767487608	0.0018264767488	usage_prot_P23845_3	0.11	subpool_P23845	0.0018264767487608
usage_prot_P27300_3	0.11	0.11	subpool_P27300	0.0018264767487608	0.0018264767488	usage_prot_P27300_3	0.11	subpool_P27300	0.0018264767487608
usage_prot_P27300_3	0.11	0.11	subpool_P27300	0.0018264767487608	0.0018264767488	usage_prot_P33221_3	0.11	subpool_P33221	0.0018264767487608
usage_prot_P27300_3	0.11	0.11	subpool_P27300	0.0018264767487608	0.0018264767488	usage_prot_P45578_3	0.11	subpool_P45578	0.0018264767487608
usage_prot_P27300_3	0.11	0.11	subpool_P27300	0.0018264767487608	0.0018264767488	usage_prot_P69503_3	0.11	subpool_P69503	0.0018264767487608
usage_prot_P27300_3	0.11	0.11	subpool_P27300	0.0018264767487608	0.0018264767488	usage_prot_P75809_3	0.11	subpool_P75809	0.0018264767487608
usage_prot_P33221_3	0.11	0.11	subpool_P33221	0.0021135753369208	0.0160949741654855	usage_prot_P00904_3	0.11	subpool_P00904	0
usage_prot_P33221_3	0.11	0.11	subpool_P33221	0.0021135753369208	0.0160949741654855	usage_prot_P00935_3	0.11	subpool_P00935	0
usage_prot_P33221_3	0.11	0.11	subpool_P33221	0.0021135753369208	0.0160949741654855	usage_prot_P04036_3	0.11	subpool_P04036	0.0021135753369208
usage_prot_P33221_3	0.11	0.11	subpool_P33221	0.0021135753369208	0.0160949741654855	usage_prot_P04079_3	0.11	subpool_P04079	0.0021135753369208
usage_prot_P33221_3	0.11	0.11	subpool_P33221	0.0021135753369208	0.0160949741654855	usage_prot_P06959_3	0.109447178756049	subpool_P06959	0.00719185304956227
usage_prot_P33221_3	0.11	0.11	subpool_P33221	0.0021135753369208	0.0160949741654855	usage_prot_P09832_3	0.11	subpool_P09832	0.00211357668717937
usage_prot_P33221_3	0.11	0.11	subpool_P33221	0.0021135753369208	0.0160949741654855	usage_prot_P0A7I7_3	0.11	subpool_P0A7I7	0.00211871284921017
usage_prot_P33221_3	0.11	0.11	subpool_P33221	0.0021135753369208	0.0160949741654855	usage_prot_P0A825_3	0.11	subpool_P0A825	0.0021135753369208
usage_prot_P33221_3	0.11	0.11	subpool_P33221	0.0021135753369208	0.0160949741654855	usage_prot_P0A836_3	0.106128709472729	subpool_P0A836	0
usage_prot_P33221_3	0.11	0.11	subpool_P33221	0.0021135753369208	0.0160949741654855	usage_prot_P0AB98_3	0.11	subpool_P0AB98	0.002113594239745
usage_prot_P33221_3	0.11	0.11	subpool_P33221	0.0021135753369208	0.0160949741654855	usage_prot_P0ABA0_3	0.11	subpool_P0ABA0	0
usage_prot_P33221_3	0.11	0.11	subpool_P33221	0.0021135753369208	0.0160949741654855	usage_prot_P0ABA4_3	0.11	subpool_P0ABA4	0.00211357533703449
usage_prot_P33221_3	0.11	0.11	subpool_P33221	0.0021135753369208	0.0160949741654855	usage_prot_P0ABA6_3	0.11	subpool_P0ABA6	0.00211357668717937
usage_prot_P33221_3	0.11	0.11	subpool_P33221	0.0021135753369208	0.0160949741654855	usage_prot_P0ACD4_3	0.11	subpool_P0ACD4	0.00211357533680712
usage_prot_P33221_3	0.11	0.11	subpool_P33221	0.0021135753369208	0.0160949741654855	usage_prot_P0AGG0_3	0.11	subpool_P0AGG0	0.00262805600880256
usage_prot_P33221_3	0.11	0.11	subpool_P33221	0.0021135753369208	0.0160949741654855	usage_prot_P0AGK1_3	0.11	subpool_P0AGK1	0.0021135753369208
usage_prot_P33221_3	0.11	0.11	subpool_P33221	0.0021135753369208	0.0160949741654855	usage_prot_P22634_3	0.11	subpool_P22634	0.00211357533703449
usage_prot_P33221_3	0.11	0.11	subpool_P33221	0.0021135753369208	0.0160949741654855	usage_prot_P23845_3	0.11	subpool_P23845	0.00144590667389366
usage_prot_P33221_3	0.11	0.11	subpool_P33221	0.0021135753369208	0.0160949741654855	usage_prot_P27300_3	0.11	subpool_P27300	0.00211357533703449
usage_prot_P33221_3	0.11	0.11	subpool_P33221	0.0021135753369208	0.0160949741654855	usage_prot_P33221_3	0.11	subpool_P33221	0.0021135753369208
usage_prot_P33221_3	0.11	0.11	subpool_P33221	0.0021135753369208	0.0160949741654855	usage_prot_P45578_3	0.11	subpool_P45578	0.00211548362005942
usage_prot_P33221_3	0.11	0.11	subpool_P33221	0.0021135753369208	0.0160949741654855	usage_prot_P69503_3	0.11	subpool_P69503	0
usage_prot_P33221_3	0.11	0.11	subpool_P33221	0.0021135753369208	0.0160949741654855	usage_prot_P75809_3	0.11	subpool_P75809	0
usage_prot_P45578_3	0.11	0.11	subpool_P45578	0.000177798346044256	0.000177798346	usage_prot_P00904_3	0.11	subpool_P00904	0.000177798346044256
usage_prot_P45578_3	0.11	0.11	subpool_P45578	0.000177798346044256	0.000177798346	usage_prot_P00935_3	0.11	subpool_P00935	0.000177798346044256
usage_prot_P45578_3	0.11	0.11	subpool_P45578	0.000177798346044256	0.000177798346	usage_prot_P04036_3	0.11	subpool_P04036	0.000177798346044256
usage_prot_P45578_3	0.11	0.11	subpool_P45578	0.000177798346044256	0.000177798346	usage_prot_P04079_3	0.11	subpool_P04079	0.000177798346044256
usage_prot_P45578_3	0.11	0.11	subpool_P45578	0.000177798346044256	0.000177798346	usage_prot_P06959_3	0.109459717812336	subpool_P06959	0.000176925061642364
usage_prot_P45578_3	0.11	0.11	subpool_P45578	0.000177798346044256	0.000177798346	usage_prot_P08179_3	0.11	subpool_P08179	0.000177798346044256
usage_prot_P45578_3	0.11	0.11	subpool_P45578	0.000177798346044256	0.000177798346	usage_prot_P09832_3	0.11	subpool_P09832	0.000177798346044256
usage_prot_P45578_3	0.11	0.11	subpool_P45578	0.000177798346044256	0.000177798346	usage_prot_P0A7I7_3	0.11	subpool_P0A7I7	0.000177798346044256
usage_prot_P45578_3	0.11	0.11	subpool_P45578	0.000177798346044256	0.000177798346	usage_prot_P0A825_3	0.11	subpool_P0A825	0.000177798346044256
usage_prot_P45578_3	0.11	0.11	subpool_P45578	0.000177798346044256	0.000177798346	usage_prot_P0A836_3	0.106142124783834	subpool_P0A836	0.000171562674795375
usage_prot_P45578_3	0.11	0.11	subpool_P45578	0.000177798346044256	0.000177798346	usage_prot_P0AB98_3	0.11	subpool_P0AB98	0.000177798346044256
usage_prot_P45578_3	0.11	0.11	subpool_P45578	0.000177798346044256	0.000177798346	usage_prot_P0ABA0_3	0.11	subpool_P0ABA0	0.000177798346044256
usage_prot_P45578_3	0.11	0.11	subpool_P45578	0.000177798346044256	0.000177798346	usage_prot_P0ABA4_3	0.11	subpool_P0ABA4	0.000177798346044256
usage_prot_P45578_3	0.11	0.11	subpool_P45578	0.000177798346044256	0.000177798346	usage_prot_P0ABA6_3	0.11	subpool_P0ABA6	0.000177798346044256
usage_prot_P45578_3	0.11	0.11	subpool_P45578	0.000177798346044256	0.000177798346	usage_prot_P0ACD4_3	0.11	subpool_P0ACD4	0.000177798346044256
usage_prot_P45578_3	0.11	0.11	subpool_P45578	0.000177798346044256	0.000177798346	usage_prot_P0AGG0_3	0.11	subpool_P0AGG0	0.000177798346044256
usage_prot_P45578_3	0.11	0.11	subpool_P45578	0.000177798346044256	0.000177798346	usage_prot_P0AGK1_3	0.11	subpool_P0AGK1	0.000177798346044256
usage_prot_P45578_3	0.11	0.11	subpool_P45578	0.000177798346044256	0.000177798346	usage_prot_P22634_3	0.11	subpool_P22634	0.000177798346044256
usage_prot_P45578_3	0.11	0.11	subpool_P45578	0.000177798346044256	0.000177798346	usage_prot_P23845_3	0.11	subpool_P23845	0.000177798346044256
usage_prot_P45578_3	0.11	0.11	subpool_P45578	0.000177798346044256	0.000177798346	usage_prot_P27300_3	0.11	subpool_P27300	0.000177798346044256
usage_prot_P45578_3	0.11	0.11	subpool_P45578	0.000177798346044256	0.000177798346	usage_prot_P33221_3	0.11	subpool_P33221	0.000177798346044256
usage_prot_P45578_3	0.11	0.11	subpool_P45578	0.000177798346044256	0.000177798346	usage_prot_P45578_3	0.11	subpool_P45578	0.000177798346044256
usage_prot_P45578_3	0.11	0.11	subpool_P45578	0.000177798346044256	0.000177798346	usage_prot_P69503_3	0.11	subpool_P69503	0.000177798346044256
usage_prot_P45578_3	0.11	0.11	subpool_P45578	0.000177798346044256	0.000177798346	usage_prot_P75809_3	0.11	subpool_P75809	0.000177798346044256
usage_prot_P69503_3	0.11	0.11	subpool_P69503	1.03062538983067E-05	0.0729195846712568	usage_prot_P00904_3	0.11	subpool_P00904	1.03062538983067E-05
usage_prot_P69503_3	0.11	0.11	subpool_P69503	1.03062538983067E-05	0.0729195846712568	usage_prot_P00935_3	0.11	subpool_P00935	1.03062538983067E-05
usage_prot_P69503_3	0.11	0.11	subpool_P69503	1.03062538983067E-05	0.0729195846712568	usage_prot_P04036_3	0.11	subpool_P04036	1.03062538983067E-05
usage_prot_P69503_3	0.11	0.11	subpool_P69503	1.03062538983067E-05	0.0729195846712568	usage_prot_P04079_3	0.11	subpool_P04079	1.03062538983067E-05
usage_prot_P69503_3	0.11	0.11	subpool_P69503	1.03062538983067E-05	0.0729195846712568	usage_prot_P06959_3	0.109460570940143	subpool_P06959	0.0111962492707435
usage_prot_P69503_3	0.11	0.11	subpool_P69503	1.03062538983067E-05	0.0729195846712568	usage_prot_P08179_3	0.11	subpool_P08179	0.0112411188868009
usage_prot_P69503_3	0.11	0.11	subpool_P69503	1.03062538983067E-05	0.0729195846712568	usage_prot_P09832_3	0.11	subpool_P09832	1.03062538983067E-05
usage_prot_P69503_3	0.11	0.11	subpool_P69503	1.03062538983067E-05	0.0729195846712568	usage_prot_P0A7I7_3	0.11	subpool_P0A7I7	6.18375231624668E-05
usage_prot_P69503_3	0.11	0.11	subpool_P69503	1.03062538983067E-05	0.0729195846712568	usage_prot_P0A825_3	0.11	subpool_P0A825	0
usage_prot_P69503_3	0.11	0.11	subpool_P69503	1.03062538983067E-05	0.0729195846712568	usage_prot_P0A836_3	0.106143209066977	subpool_P0A836	0.0108569306454685
usage_prot_P69503_3	0.11	0.11	subpool_P69503	1.03062538983067E-05	0.0729195846712568	usage_prot_P0AB98_3	0.11	subpool_P0AB98	1.03062538983067E-05
usage_prot_P69503_3	0.11	0.11	subpool_P69503	1.03062538983067E-05	0.0729195846712568	usage_prot_P0ABA0_3	0.11	subpool_P0ABA0	1.03062538983067E-05
usage_prot_P69503_3	0.11	0.11	subpool_P69503	1.03062538983067E-05	0.0729195846712568	usage_prot_P0ABA4_3	0.11	subpool_P0ABA4	1.03062538983067E-05
usage_prot_P69503_3	0.11	0.11	subpool_P69503	1.03062538983067E-05	0.0729195846712568	usage_prot_P0ABA6_3	0.11	subpool_P0ABA6	1.03062538983067E-05
usage_prot_P69503_3	0.11	0.11	subpool_P69503	1.03062538983067E-05	0.0729195846712568	usage_prot_P0ACD4_3	0.11	subpool_P0ACD4	1.03062538983067E-05
usage_prot_P69503_3	0.11	0.11	subpool_P69503	1.03062538983067E-05	0.0729195846712568	usage_prot_P0AGG0_3	0.11	subpool_P0AGG0	0
usage_prot_P69503_3	0.11	0.11	subpool_P69503	1.03062538983067E-05	0.0729195846712568	usage_prot_P0AGK1_3	0.11	subpool_P0AGK1	0
usage_prot_P69503_3	0.11	0.11	subpool_P69503	1.03062538983067E-05	0.0729195846712568	usage_prot_P22634_3	0.11	subpool_P22634	1.03062538983067E-05
usage_prot_P69503_3	0.11	0.11	subpool_P69503	1.03062538983067E-05	0.0729195846712568	usage_prot_P23845_3	0.11	subpool_P23845	0
usage_prot_P69503_3	0.11	0.11	subpool_P69503	1.03062538983067E-05	0.0729195846712568	usage_prot_P27300_3	0.11	subpool_P27300	1.03062538983067E-05
usage_prot_P69503_3	0.11	0.11	subpool_P69503	1.03062538983067E-05	0.0729195846712568	usage_prot_P33221_3	0.11	subpool_P33221	1.03062538983067E-05
usage_prot_P69503_3	0.11	0.11	subpool_P69503	1.03062538983067E-05	0.0729195846712568	usage_prot_P45578_3	0.11	subpool_P45578	1.03062538983067E-05
usage_prot_P69503_3	0.11	0.11	subpool_P69503	1.03062538983067E-05	0.0729195846712568	usage_prot_P69503_3	0.11	subpool_P69503	1.03062538983067E-05
usage_prot_P69503_3	0.11	0.11	subpool_P69503	1.03062538983067E-05	0.0729195846712568	usage_prot_P75809_3	0.11	subpool_P75809	1.03062538983067E-05
usage_prot_P75809_3	0.11	0.11	subpool_P75809	0	0.000136239620000063	usage_prot_P00904_3	0.11	subpool_P00904	0
usage_prot_P75809_3	0.11	0.11	subpool_P75809	0	0.000136239620000063	usage_prot_P00935_3	0.11	subpool_P00935	0
usage_prot_P75809_3	0.11	0.11	subpool_P75809	0	0.000136239620000063	usage_prot_P04036_3	0.11	subpool_P04036	0
usage_prot_P75809_3	0.11	0.11	subpool_P75809	0	0.000136239620000063	usage_prot_P04079_3	0.11	subpool_P04079	0
usage_prot_P75809_3	0.11	0.11	subpool_P75809	0	0.000136239620000063	usage_prot_P06959_3	0.10946066209538	subpool_P06959	0
usage_prot_P75809_3	0.11	0.11	subpool_P75809	0	0.000136239620000063	usage_prot_P08179_3	0.11	subpool_P08179	0
usage_prot_P75809_3	0.11	0.11	subpool_P75809	0	0.000136239620000063	usage_prot_P09832_3	0.11	subpool_P09832	0
usage_prot_P75809_3	0.11	0.11	subpool_P75809	0	0.000136239620000063	usage_prot_P0A7I7_3	0.11	subpool_P0A7I7	0
usage_prot_P75809_3	0.11	0.11	subpool_P75809	0	0.000136239620000063	usage_prot_P0A825_3	0.11	subpool_P0A825	0
usage_prot_P75809_3	0.11	0.11	subpool_P75809	0	0.000136239620000063	usage_prot_P0A836_3	0.106143318401291	subpool_P0A836	0
usage_prot_P75809_3	0.11	0.11	subpool_P75809	0	0.000136239620000063	usage_prot_P0AB98_3	0.11	subpool_P0AB98	0
usage_prot_P75809_3	0.11	0.11	subpool_P75809	0	0.000136239620000063	usage_prot_P0ABA0_3	0.11	subpool_P0ABA0	0
usage_prot_P75809_3	0.11	0.11	subpool_P75809	0	0.000136239620000063	usage_prot_P0ABA4_3	0.11	subpool_P0ABA4	0
usage_prot_P75809_3	0.11	0.11	subpool_P75809	0	0.000136239620000063	usage_prot_P0ABA6_3	0.11	subpool_P0ABA6	0
usage_prot_P75809_3	0.11	0.11	subpool_P75809	0	0.000136239620000063	usage_prot_P0ACD4_3	0.11	subpool_P0ACD4	0
usage_prot_P75809_3	0.11	0.11	subpool_P75809	0	0.000136239620000063	usage_prot_P0AGG0_3	0.11	subpool_P0AGG0	0
usage_prot_P75809_3	0.11	0.11	subpool_P75809	0	0.000136239620000063	usage_prot_P0AGK1_3	0.11	subpool_P0AGK1	0
usage_prot_P75809_3	0.11	0.11	subpool_P75809	0	0.000136239620000063	usage_prot_P22634_3	0.11	subpool_P22634	0
usage_prot_P75809_3	0.11	0.11	subpool_P75809	0	0.000136239620000063	usage_prot_P23845_3	0.11	subpool_P23845	0
usage_prot_P75809_3	0.11	0.11	subpool_P75809	0	0.000136239620000063	usage_prot_P27300_3	0.11	subpool_P27300	0
usage_prot_P75809_3	0.11	0.11	subpool_P75809	0	0.000136239620000063	usage_prot_P33221_3	0.11	subpool_P33221	0
usage_prot_P75809_3	0.11	0.11	subpool_P75809	0	0.000136239620000063	usage_prot_P45578_3	0.11	subpool_P45578	0
usage_prot_P75809_3	0.11	0.11	subpool_P75809	0	0.000136239620000063	usage_prot_P69503_3	0.11	subpool_P69503	0
usage_prot_P75809_3	0.11	0.11	subpool_P75809	0	0.000136239620000063	usage_prot_P75809_3	0.11	subpool_P75809	0
